0.10726500000000003,9.085849880242997E-7,0.39659999999999995,0.6197024,6.9713199999999915,-8.020199999999996,-0.9294360000000083,-3.987925999999995,-3.0932119999999856,-4.952437999999989,-4.5558016000000086,-2.7087801999999845,-2.410964000000016,-2.0445380000000015,0.656951799999953,-1.6039539999999912,0,1,0,0
0.092502,6.008802E-6,0.335,0.5234460000000001,7.727656,-9.8663,-2.67567,-7.914179999999996,-2.5406719999999994,-5.56216,-7.782499999999998,-4.1065000000000005,-3.821846000000001,-2.0301879999999994,1.9591549999999993,2.1212859999999996,0,1,0,0
0.082424,5.8497216E-4,0.3256,0.5087510000000002,11.586898000000001,-0.5247656,1.57531,-4.972622,1.1021368000000005,-0.8221540799999998,-5.07266,-0.7092108,-1.5472862000000003,1.0615420442800003,2.400707199999999,1.4067837999999993,0,1,0,0
0.0465644,7.624254E-4,0.28300000000000003,0.4421840000000001,10.630340000000004,6.967504000000004,0.60747898,-1.51475,-0.23606380000000005,-0.7452400000000003,-0.3625226000000002,-2.6080334000000005,-3.79917,-3.582676,-2.8962055999999996,0.28949260000000004,0,1,0,0
0.10906259999999998,7.578442000000001E-4,0.4108,0.6418800000000002,11.724982000000002,3.74072,0.19965419999999995,1.3334310000000003,0.06985800000000006,2.3147446,-1.2554306,-0.22558599999999998,-1.4429020000000006,-2.217670000000001,-1.3545872000000003,-2.3216054000000006,0,1,0,0
0.10656540000000005,0.0011684186000000003,0.4372,0.68314,8.289462,0.27547199999999994,3.488942000000002,3.4417339999999994,0.43514940000000024,0.8255278,-0.3040086,0.013130199999999936,0.07116920000000007,-0.9628248,-2.4545828,0.6653212399999999,0,1,0,0
0.12594560000000005,8.519891999999997E-4,0.4816,0.7524939999999998,10.463220000000002,2.771368,3.1185979999999995,2.3666834,-0.9576871999999997,-0.047483559999999994,-0.2388881600000001,-0.6022676,-1.6545109999999996,-1.8160660000000002,-1.1814197999999998,-0.3845602,0,1,0,0
0.06640859999999998,7.421750000000001E-4,0.23420000000000002,0.36593799999999993,17.6352,1.6441739999999996,-0.506068,2.196661400000001,1.27489908,1.3046093999999997,0.04615079999999993,0.7951536000000001,0.09620800000000003,-1.4623616,-2.0002299999999993,-1.9882920000000002,0,1,0,0
0.09266339999999994,0.0016980059999999993,0.348,0.543748,9.231985,0.3132154,2.966158000000001,1.5855038799999994,-0.8218858,-0.6966460000000001,-0.608228,-0.6317676000000001,-0.8444287999999999,-0.442128,-2.0653984000000003,-0.9606412000000002,0,1,0,0
0.18491979999999997,0.0014135240000000002,0.6093999999999999,0.9521899999999999,7.430575999999999,1.6400343999999998,1.7591138000000004,0.7724662999999998,-0.7352848000000002,0.11895199999999996,-1.1850789999999998,-1.3052368,-1.2488710259999998,-1.81402232,-2.7255814,-0.09641780000000003,0,1,0,0
0.081485,8.776727999999999E-4,0.3214,0.502198,11.944480000000004,1.3126702000000001,1.7890502000000001,2.6160442,1.134368,-0.17125459999999998,0.5314381999999999,-0.11213967999999994,-1.2112425999999998,-0.7149257600000003,-1.280838,-0.6891078000000002,0,1,0,0
0.12273600000000005,0.0013086780000000004,0.5062,0.7909399999999999,8.546143999999996,-1.7595419520000002,0.02346879999999999,6.254160000000001,0.5378963999999999,0.752207624,-0.9203488,-0.9630319999999998,-0.3617760000000001,-1.2756165999999995,0.3199892,2.4591073999999997,0,1,0,0
0.0960238,8.210499999999999E-4,0.37060000000000004,0.579058,12.708620000000002,-0.2792046,-0.4144250799999998,4.111666,0.7095542,-0.008912600000000007,-1.6995351999999997,-1.3432386,-0.517938,-0.7329617199999998,-0.20546840000000002,0.8532515999999998,0,1,0,0
0.04648419999999998,6.086771999999997E-4,0.218,0.3406199999999999,13.366340000000001,1.3652322,1.8373337999999995,0.04304857999999991,0.7905669999999998,0.195717,-0.19156512,-0.6839266799999999,-0.8457282,-0.6749008,-1.1833923400000002,-0.9293799999999999,0,1,0,0
0.05874940000000001,0.0015063394000000001,0.295,0.460918,12.000109999999998,1.5242041999999998,0.5190024000000001,-1.0496153799999999,-0.6481503999999998,-0.9324910000000003,-0.03149440000000012,-0.7945109600000001,-0.46527080000000004,-0.9455072000000001,-1.4409046,-0.7785848199999998,0,1,0,0
0.1598488,0.0015824799999999998,0.5526,0.8634299999999998,6.819822,-1.2461916000000004,0.6058248000000002,2.22303,-0.32977679999999987,0.11693779999999977,0.5023880000000001,-0.9302586000000003,-0.9929930000000003,-0.7759063999999998,-2.8230640000000005,-1.0128516,0,1,0,0
0.1393026,0.0011554300000000003,0.54,0.8437439999999999,7.9684880000000025,4.226364,0.9355430000000005,-0.8386520000000001,0.21784899999999993,-0.2744098,0.24345180000000027,0.4117048000000001,-1.0346460000000002,-1.8496975999999996,-2.3567786000000006,-1.2888484599999996,0,1,0,0
0.14757919999999997,0.0011173486,0.5846,0.9134459999999998,7.424380000000001,2.7679246000000006,0.8909729999999996,-1.7688480000000004,-1.0779442,-1.1459476000000002,-0.6861956,-0.6281973999999999,-0.9449866,-1.4406764,-2.1800900000000003,-0.6664640000000002,0,1,0,0
0.12210740000000005,0.0014344760000000003,0.5347999999999999,0.8356520000000004,6.760583999999999,0.8430648000000001,1.3436659999999996,0.08698428000000012,-0.003487199999999954,0.05999919999999993,0.20062844000000005,-0.2199162,-0.6457639999999998,-1.7576296200000001,-1.9613941079999997,-0.32326764,0,1,0,0
0.158674,0.001052756,0.5870000000000001,0.9172659999999999,6.055531599999999,6.12396,0.739071,0.025412400000000016,0.5144849999999999,-2.0531240000000004,0.30467540000000004,-0.8079300000000003,-1.5783292000000002,-1.7258039999999997,-2.342044,-1.498886000000001,0,1,0,0
0.07898459999999999,0.0012580620000000001,0.4214,0.658446,6.309602,2.55466292,0.709491,-0.5034189000000001,0.1292167999999999,-1.0388477999999999,-0.5574433400000003,-1.226952,-2.5862041999999996,-2.8438694,-2.2724664,-0.6755252000000005,0,1,0,0
0.182032,0.0012899020000000003,0.5811999999999999,0.9081240000000002,5.251169999999999,1.620442,2.2047696,-0.26678560000000007,-0.035029999999999936,0.4711492,0.11127440000000006,-0.6933111999999998,-1.377746,-2.5579004,-1.9554,-1.384844,0,1,0,0
0.10765860000000002,0.001215514,0.47759999999999997,0.7462320000000003,6.683199999999999,0.3151820000000001,1.6476919999999995,1.9590980000000002,0.41236140000000004,-0.04854140000000018,0.11613219999999996,-0.8446042,-0.9683200000000001,-0.09752140000000008,-1.0657014000000002,-0.2623559999999998,0,1,0,0
0.12321100000000001,8.848600000000007E-4,0.5062,0.790942,6.421230000000003,-1.347294,-0.3155795999999998,1.625229,0.18968939999999995,0.24592002000000007,-0.032202999999999884,-2.0077701999999995,-2.1049995999999997,-0.16860139999999993,-0.2729646800000001,1.0847597999999998,0,1,0,0
0.10264600000000007,8.814870000000001E-4,0.4432,0.6925019999999997,3.9360300000000006,-0.1682156000000002,2.06965,0.8418336,0.16187199999999982,0.007474599999999891,-0.5888896,-1.0570480000000004,-1.5140540000000002,-0.35701,0.9499259799999994,1.0402029999999998,0,1,0,0
0.13625659999999998,0.0033620560000000004,0.5367999999999999,0.8387499999999999,-0.7741000000000003,-1.2371500000000002,0.20375280000000004,0.09837000000000001,-2.8475882,-0.16841459999999983,-0.6315211999999999,-1.2727099999999998,-0.5753585999999998,0.48970519999999995,0.06937959999999978,-1.5799680000000003,0,1,0,0
0.2018874,0.002787855999999999,0.7338,1.1465139999999998,-4.434409000000002,-2.628008,-1.0356012399999996,-2.289144,-3.335633000000001,-0.037283000000000115,-1.0150460000000003,1.0650924000000004,2.0952463999999997,-0.9716214000000002,-2.0741626000000006,-3.298171599999999,0,1,0,0
0.230939,0.002844645999999999,0.7444,1.16314,-1.6569943999999994,-0.04213439999999997,-0.7646872,-0.09435799999999991,-1.1679643999999998,-1.1141274,-0.8202594000000002,-1.6177662000000002,-0.0794309799999999,0.7513586,1.0750651999999996,0.07152060000000007,0,1,0,0
0.2680576000000001,0.004020866,0.909,1.4203299999999999,-4.398582,-0.9343949999999999,3.0803461999999997,1.0137454,-0.214434,0.858836,0.12599479999999996,-0.07727050000000006,-0.7818791999999999,-1.149219,-0.321567,-0.9655214000000001,0,1,0,0
0.2532082,0.004101108600000001,0.9264,1.4474520000000002,-4.714752,-1.5588919999999995,0.1906959999999999,-1.0054308,-0.35209653999999985,1.7262674000000002,1.7617747000000004,2.732828600000001,1.2267880000000004,-0.9655762000000001,-1.1953438,-1.4657820000000013,0,1,0,0
0.4175047999999999,0.002505616000000001,1.4280000000000002,2.23125,-2.8670836000000004,-0.4124212999999998,0.014293000000000045,-0.2241960000000002,-1.1513278,-0.80676014,-0.8225847999999998,-1.7867980000000003,0.10184939999999987,1.4122546000000002,0.6786993199999999,0.6502750000000002,0,1,0,0
0.2243930000000001,0.002516214,0.94,1.468692,-3.440835999999999,-1.5459692,3.378066,-0.09974980000000018,-2.2568798,0.30159952000000023,-0.455455024,-1.1066430580000004,-1.0869114,-1.3571220000000002,7.536000000000209E-4,-1.2638925999999997,0,1,0,0
0.15540220000000007,0.0034289160000000006,0.667,1.042198,-1.0522009999999995,-0.3232742000000001,-0.33169772200000003,-1.4960806,-2.5306240000000004,-0.9579823999999999,0.05689140000000004,0.8867516000000001,0.7390488000000001,0.617413,-0.8653327999999999,-2.4049973600000008,0,1,0,0
0.1505488,0.003583964000000001,0.624,0.975008,-0.15937324000000008,-0.443209,-1.4394329999999997,-1.3058932,-1.7631519999999998,-2.0215060000000005,-1.3537819999999998,-0.6536434,1.6114290000000002,1.5399788,1.3124641999999997,-0.3537339999999999,0,1,0,0
0.1921748000000001,0.0036968680000000007,0.8388,1.3106579999999999,0.5080679999999997,-0.43380959999999974,-1.0778126000000001,1.9306267999999998,0.13829632000000006,-1.1068797999999997,0.5615319999999998,0.3969652,-1.7783639999999996,-0.75926106,1.0499354,-0.3304081999999999,0,1,0,0
0.07273983999999999,0.0024699942000000006,0.4122,0.644046,3.3812180000000005,2.4885,-0.125017,0.5214627999999999,-2.0859633999999994,-3.9836259999999997,-3.5874369999999995,-2.1294239999999998,-0.7577141999999998,0.08543859999999989,0.9070097999999999,1.01230984,0,1,0,0
0.0878136,0.00267731,0.5257999999999999,0.821546,-0.039239000000000024,0.3006698,0.1438058,0.07884640000000004,-1.5670734,-1.7749144000000001,-0.9254604,-1.0123319999999998,-1.0045587599999999,0.3254910000000001,0.8572537999999998,0.34887301999999987,0,1,0,0
0.154388,0.0031908740000000007,0.5546,0.8665820000000001,-1.2275078000000001,-1.1833973999999998,2.2642819999999997,0.3518341999999995,-2.5010802000000005,1.6519970000000002,0.11203700000000001,0.6102850000000001,1.3614824,-0.1047152,-1.5493979999999996,-2.5188720000000004,0,1,0,0
0.17460747999999995,0.0035315599999999987,0.6474,1.01156,-0.2523739999999997,1.0175140000000003,0.2534753999999999,-0.08006634000000007,-1.2042138000000002,-0.7778656199999999,-0.15272680000000002,0.6638239999999999,0.663742,0.04652440000000009,-0.15652659999999977,-0.9351149300000003,0,1,0,0
0.2185142400000001,0.003807266,0.7404000000000001,1.156908,-1.183648,-0.8051520000000001,1.4950181939999998,0.6770780000000001,-1.0571538200000001,-0.0384984,0.019336400000000042,-0.7414225999999999,0.5292160640000001,0.10834619999999998,-0.23242000000000002,-0.2966688,0,1,0,0
0.2292356000000001,0.004116969999999999,0.7504000000000001,1.172568,-2.727493399999999,-0.36800400000000005,2.3852100000000003,-1.2562786,-0.5665868,0.42461632,-0.49386219999999986,0.9744898000000002,1.0495764999999997,-0.3692246,-0.4633069999999999,-1.5859824000000002,0,1,0,0
0.19773423999999984,0.004285146000000001,0.6624,1.0349715999999995,-0.19130500000000006,1.1637081999999999,0.9013166000000006,-0.11547519999999978,-0.21452627999999996,-0.7893290500000001,-0.5675096,0.24921579999999996,0.5574409,-0.5760803200000003,-0.5812731999999999,-0.6424654,0,1,0,0
0.2903156000000001,0.003589952,0.8672,1.3549619999999998,-0.2591221999999997,-0.44761399999999996,3.1619566000000003,1.13089012,-1.2421397999999997,0.8778564000000002,0.30686080000000004,-0.9982791999999998,0.44412640000000003,0.34353386,-0.33909819999999996,-1.1694851999999998,0,1,0,0
0.18228220000000003,0.003467610000000001,0.643,1.0047220000000001,-1.82577,-0.5219261999999999,2.8938274000000006,-0.6953490000000001,-1.2867169999999992,-0.15557727999999993,0.07575480000000001,1.1629759999999998,0.353829,-0.6391391999999998,-0.7253184000000001,-2.5895455999999997,0,1,0,0
0.13858284000000004,0.003475026,0.5618,0.8778159999999999,0.8296443999999997,0.5858854000000001,0.47435401400000005,0.0776024000000001,-1.7809359999999999,-0.9473645999999999,-0.09706739999999994,0.22424128000000007,0.8740261999999998,0.33326579999999995,1.0225178000000001,-1.0220894,0,1,0,0
0.113578,0.00352383,0.5524,0.863164,2.5534274,0.027222799999999978,0.9983221999999999,3.00347862,0.0279574,-1.2644923999999997,0.38021879999999997,-0.8378718000000002,0.36144626,1.5512259999999998,1.9968053999999995,-0.6254840000000002,0,1,0,0
0.0534424,0.003323537999999999,0.41960000000000003,0.65559,4.630578000000001,1.3389039999999994,2.0646365999999996,2.3623038,-0.19805274000000003,-1.7430481999999998,-1.4483911999999999,-1.3628683999999995,-0.8786419999999998,-0.11996984000000006,0.5284374199999998,0.10501199999999997,0,1,0,0
0.12820440000000002,0.0032473219999999995,0.649,1.014102,2.798373999999999,2.15222244,0.45958359999999976,0.28129199999999993,-0.9943658000000001,-2.3560980000000007,-2.361251,-1.0168445999999998,-0.5256518000000001,0.32757600000000003,0.87686,0.8830585999999999,0,1,0,0
0.0971080000000001,0.0021966179999999996,0.5778,0.902824,1.7411694,5.282731999999999,0.02355440000000001,0.550357,-0.7145185999999998,-1.3732290000000003,-0.6309802,0.6554139999999998,-0.1673988,0.1913678,-0.1512926,0.9647216000000001,0,1,0,0
0.03773584000000001,0.001109812,0.36979999999999996,0.577812,3.310153999999999,5.069759999999999,-0.8049777999999996,-1.8897561999999999,-2.2045542000000005,-1.6770279999999997,-1.0202461999999999,-0.4071428,-0.7201590000000002,0.4306766,0.33362259999999994,0.36603,0,1,0,0
0.07914339999999999,0.0012033820000000002,0.5672,0.8862519999999999,4.628096,3.232658000000002,-1.0784156,-1.4464835999999996,-0.7459444,-0.6401512999999999,-0.224552,0.28780579999999995,-0.15911379999999997,0.4895980000000001,-0.34140480000000006,0.220146,0,1,0,0
0.1069612,0.0010077999999999999,0.596,0.9312360000000001,4.696865999999999,0.8699759999999996,-1.3373344,-0.24469919999999992,1.0555202000000001,0.4610147999999999,-0.5809296,-1.1273460000000004,-0.9698211999999997,0.07203373999999997,-0.03947000000000001,-0.32210439999999996,0,1,0,0
0.1385922,0.001172044,0.6531999999999999,1.020642,4.098,-0.7426116000000001,-0.11345659999999994,0.7325792000000004,0.48660579999999976,0.32081460000000006,0.23600259999999998,-0.24997380000000002,-1.7185415800000008,-0.9099856000000002,-1.293044,-0.17074894000000002,0,1,0,0
0.19906480000000001,0.001189862,0.7994,1.2490620000000001,1.8256201399999998,-0.21166253999999973,1.3925572000000002,-1.7054985999999996,0.407658864,0.4466816000000001,-0.7081769999999998,-0.8656139999999998,-1.7739391999999998,-0.38667663999999996,-0.892583,0.1206072,0,1,0,0
0.18836059999999996,0.0037097799999999993,0.7128,1.1137799999999998,0.6675260000000001,1.9977864799999998,-0.3597218000000001,-1.2796280000000002,0.9071754,-1.2220100000000003,-0.47697920000000005,-2.768658,-1.3426012000000003,-0.6626492,-0.5583442000000001,0.06773320000000002,0,1,0,0
0.22647959999999998,0.004268890000000001,0.8386,1.310322,0.08525879999999995,1.5360038000000003,-2.01203518,-0.436485,-0.7727739999999998,-0.334179,-1.4491412,-1.0473482,-0.2534152,-0.3062396399999999,-0.601944,-1.017097,0,1,0,0
0.30788960000000004,0.005314719999999999,1.0146,1.5852840000000004,-1.4362303999999997,-0.7917360000000002,-1.71227,-0.8021497999999998,-0.7664231999999999,-0.5114633379999999,-0.7077352,-0.7003058200000001,-1.2335140000000002,-1.2086126,-1.0458023999999997,-0.54015904,0,1,0,0
0.489924,0.0041021,1.4262000000000001,2.22838,-4.65729792,-1.804932,-3.0444402000000004,-0.7496972000000001,-0.3179600000000001,-0.41006054,-1.7383840000000002,-2.3533674,-3.0332232,-2.4840632000000005,-0.6661347999999998,-0.1792468,0,1,0,0
0.2849215999999999,0.0016119230000000001,0.8522,1.331578,1.4213460000000004,-0.3704840000000004,-0.7361039999999996,0.3257988000000001,1.4137846000000003,-2.2711510000000006,-4.155154,-2.454648,-3.9727720000000004,-0.8455812,0.34073079999999983,-0.9596281999999999,0,1,0,0
0.17414300000000008,0.002102650657872,0.721,1.126556,-0.32621,2.510388,1.354532000000001,0.5988259999999999,0.4249273000000002,-1.9198646000000008,-2.450064000000001,-2.4434001999999992,-2.4399058,-0.46084093600000015,-0.8194377999999998,-0.887265,0,1,0,0
0.19211312000000014,0.005268888000000003,0.7198,1.124662,-0.43931618,2.364737999999999,0.5426094000000002,1.1326507999999997,-0.8026858,-0.284486,0.26976300000000003,0.11367159999999998,0.49924820000000003,1.2085949999999996,0.27181099999999997,-0.44394920000000004,0,1,0,0
0.19914392000000014,0.004303287999999999,0.7951999999999999,1.242488,-0.8458997999999999,1.9715999999999994,0.5365728,1.1971235999999998,0.05847700000000003,0.25616619999999996,0.4317552,-0.04415860000000004,-0.01496200000000007,0.4754931999999998,0.14249900000000013,0.05895860000000003,0,1,0,0
0.16210972,0.005235882000000001,0.6751999999999999,1.0550039999999998,0.36505466000000003,2.541643,1.357596,1.4041072999999997,-0.055605999999999975,0.02771379999999998,0.348154,-0.4865039999999998,-1.1313693999999996,0.68609,0.5991091999999999,0.5715892000000002,0,1,0,0
0.13585852000000004,0.0047449660000000015,0.5706,0.8915789999999998,0.7296244000000001,1.193858,0.35476879999999994,-0.30813260000000026,-0.8393100000000001,-0.426089,0.6790392,2.0543478,-0.22896180000000005,-0.3988888,-0.3730741400000001,-0.3044066,0,1,0,0
0.09797023999999999,0.004394864,0.4642,0.7253322000000001,1.9758161999999992,2.219546,1.8531579999999999,1.3650263999999999,-0.33316660000000003,-0.6691235799999999,0.7875178000000002,1.1060068,-0.4467509599999999,0.08883500000000008,0.26494307199999995,-0.006619879999999964,0,1,0,0
0.12141048000000002,0.004418047999999999,0.5798,0.9059133999999999,1.7790723999999998,0.9276862,1.1046805999999998,0.7797906,-0.5626859999999999,-1.1460500000000002,0.04346159999999997,0.14802780000000001,-1.4750022,-0.14543699999999998,-0.09800519999999999,-0.11298994000000001,0,1,0,0
0.10437383999999998,0.0032111590000000008,0.431,0.673456,1.1837410000000004,1.7617927999999998,1.511888000000001,0.266114,-0.7881511,-2.1452848000000007,-1.494235966,-1.8646166,-1.3454213999999995,-0.7909144000000002,-0.5779627999999998,0.2809387999999998,0,1,0,0
0.09132916000000002,0.004098128,0.4416,0.6900360000000001,2.8132819999999996,1.8554013999999994,1.4133805999999998,0.5137579999999999,-0.7792486800000001,-1.2031904000000002,-0.6726461199999997,-0.9347759999999999,0.5126279999999996,1.0139280999999998,0.1949884,-0.24643711999999998,0,1,0,0
0.08671856000000004,0.004842975999999999,0.4474,0.6990404,2.486136,2.2722539999999998,2.1463288,0.9581269820000001,-0.8048349699999996,-0.12228439999999993,0.5612846,0.39408744000000007,0.6627204000000003,0.9802198000000001,0.11458259999999998,0.3086166000000001,0,1,0,0
0.10648188000000001,0.0043182304,0.4292,0.670682,-0.6017395999999995,1.1994103999999999,-0.593918,-1.0136858,0.20270199999999988,0.3395582,2.1285316000000005,2.0284216,-1.0626479999999996,-0.7743390000000001,-0.35829599999999984,0.967722,0,1,0,0
0.09343855999999998,0.0032953877999999997,0.45399999999999996,0.7093721999999999,2.5227720000000007,2.138151400000001,1.5777739999999998,1.085344,-0.19122599999999998,-0.5277864000000002,0.06273999999999987,-0.38247040000000004,-0.6443407999999999,0.332786,0.28334259999999994,-0.031052800000000037,0,1,0,0
0.13593832000000006,0.0032989399999999985,0.6409999999999999,1.001598,-0.11765660000000035,1.7993648,0.9684482,1.7691470000000005,-0.08014779999999994,-0.36110780000000003,0.09501639999999996,-0.6110927999999999,-0.7526791999999997,-0.1924587999999999,-0.09826919999999997,-0.5771387,0,1,0,0
0.11836168000000008,0.0038931839999999996,0.5034000000000001,0.7865560000000001,-0.3223793999999999,1.2074508,-0.1335643999999996,-0.5989179999999997,-0.9584419999999999,-1.0112898000000001,-0.5299263999999997,0.8496667999999997,0.998763,-0.4803186940000007,-0.6453108000000001,-0.677352,0,1,0,0
0.10429816000000003,0.003989318,0.5718,0.8933679999999999,1.5891719999999998,2.214762,1.5875689999999998,0.8610087800000001,0.0904974,0.21588720000000008,0.1625762,-0.7943048000000001,-0.8358895999999999,0.16495180000000004,0.6496007999999999,0.5447486,0,1,0,0
0.12921692000000004,0.004905578000000002,0.5826,0.9103140000000001,1.2463757200000003,1.3634866000000003,1.7292787599999995,0.9608596,-0.32638199999999995,0.05697685999999998,-0.06868380000000004,0.3561119999999999,-0.1150218000000003,0.5530362,-0.049809119999999964,-0.3700162,0,1,0,0
0.1449956800000001,0.0038631300000000006,0.578,0.903152,-1.6569450000000001,0.6454679999999999,0.5029880000000001,0.2045783999999999,-0.157811,0.3434844,-0.4493064,-0.7066834,0.12287660000000007,1.4997604000000002,0.24211605999999986,0.14865100000000006,0,1,0,0
0.11718732000000004,0.00429079,0.5848,0.9137279999999999,0.026569959999999993,1.9637315999999998,2.5155659999999997,1.2524221999999998,0.17900059999999993,-1.0330418000000001,-0.8683723999999999,0.17637979999999998,-0.8112989999999999,0.333422,0.504298,-0.0419764,0,1,0,0
0.12054628000000003,0.004593218,0.5232,0.817536,1.92504238,2.1140459999999996,2.1138540000000003,0.8205499999999999,0.31518399999999996,-1.0461132880000001,-0.7899998000000003,-0.8247982,-2.056824,-1.1909425999999999,-0.8413059999999999,-0.14556559999999993,0,1,0,0
0.13335952000000004,0.004448628000000001,0.634,0.9906099999999999,1.0069211999999998,1.610788,1.0944588000000002,0.33225659999999996,-0.44413259999999993,-0.40750954,-0.5093905999999998,-0.9497246,-0.7405304000000001,0.4925427999999995,0.18198560000000005,-0.25794698000000016,0,1,0,0
0.10609400000000001,0.004264779999999999,0.5816,0.908766,2.2674048,1.8832356,1.4700536,-0.5720524000000001,-1.2360106,-0.9009922000000001,-0.6818551999999998,0.05983600000000002,1.386986,1.5811709999999999,0.256401,-0.6165116000000002,0,1,0,0
0.08991439999999998,0.005155318,0.5386,0.8415300000000002,1.206684239999999,2.4413548000000005,1.9381429199999998,0.6592389999999996,-0.04390160000000001,-0.41792260000000014,0.40431760000000005,0.9046613799999998,-1.626574,-1.6059878,-0.5457954000000002,0.34137539999999994,0,1,0,0
0.12367443999999997,0.0053153980000000016,0.5684,0.8881440000000002,-2.556506599999999,0.168136,0.6651234000000001,0.7360107999999999,1.744726,1.0908223999999997,1.162332,-2.9874701999999997,-3.977798000000001,0.6949920000000003,1.8357398000000003,0.9072878000000002,0,1,0,0
0.12554664000000001,0.004009910000000001,0.6964,1.088148,0.51646,1.0079348000000001,-0.01684280000000003,1.1160215999999998,1.0723628400000003,0.8891263999999999,0.34577116,-3.0839155999999996,-0.9872983200000002,1.6717020000000002,0.7456898799999999,-1.287016,0,1,0,0
0.0751588,0.0015922368000000004,0.3442,0.5378159999999998,5.589849999999999,4.539269400000001,0.9921910000000002,-0.85066358,0.33546817999999967,0.0958893999999999,0.6496986599999997,-4.306300000000001,-1.3816685999999998,1.2433143999999987,-1.374341,-2.8788480000000005,0,1,0,0
0.0649252,0.0013962019999999998,0.3394,0.5303080000000001,8.74636,4.5024348,0.0018286000000000424,-1.3553412,-0.8283338000000002,-0.052228180000000124,0.44872659999999986,-2.2384956,-2.592994,-3.164604200000001,-2.836854,-1.1829691999999998,0,1,0,0
0.16718839999999996,0.0015535640000000003,0.618,0.9656239999999999,5.639862000000001,2.2044439999999996,0.6232534000000001,2.315316,0.3928386,0.6959416000000002,-0.36590720000000004,0.05484919999999998,0.07875260000000012,-0.866702,-1.7571397400000004,-1.2069040000000002,0,1,0,0
0.11328860000000007,0.0012114040000000001,0.5247999999999999,0.8199919999999999,7.26736,-0.6256710000000001,1.9690120000000002,2.250842,-0.6625056,-0.11952159999999995,-0.948896676,-1.0953579999999996,-1.1272778,-1.4487628,-1.6751099999999997,-0.2994477199999999,0,1,0,0
0.1519542,0.001089634,0.5454,0.852186,8.820476000000003,2.426589199999999,0.30943900000000013,0.17101040000000012,-0.11555980000000002,0.5810609999999999,-0.055400399999999995,-1.3433734000000002,-1.6720006000000003,-2.039968,-2.0451217999999995,-1.494784,0,1,0,0
0.11876060000000001,0.001683398,0.49700000000000005,0.7765599999999999,9.642182,-0.1138378,-0.27938740000000023,0.7678946999999999,0.7229031999999997,-0.48849999999999993,-0.9528291999999997,-0.3485332,-0.6158686000000002,-1.9391401999999998,-2.491114,-1.5389200000000003,0,1,0,0
0.11141000000000002,0.0030639399999999994,0.5196000000000001,0.811906,6.475639999999999,1.3540359999999998,0.7662914000000002,0.16673058000000004,-0.1490438000000001,-1.3157157800000001,-2.5386,-1.9146083999999997,-2.003081,-1.5671213999999998,-2.1237779999999997,-0.7660263999999998,0,1,0,0
0.16844020000000004,0.004043692,0.5811999999999999,0.9081019999999999,6.343554,-0.827184,1.1335950000000001,2.5900619999999996,0.059477319999999965,-0.31170832000000004,-0.5532287800000002,-2.2064245999999996,-1.4301510000000002,-1.8024182000000002,-2.6523549999999987,-0.13200399999999998,0,1,0,0
0.10171979999999994,0.003788184,0.4376,0.6837639999999999,6.545432000000002,0.6957979999999999,1.5112280000000005,3.3291800000000014,-0.3243706,-0.6451298000000003,-0.5314046,-1.0704812600000002,-1.2503380000000002,-1.4953490139999999,-1.40915828,-0.5626391999999999,0,1,0,0
0.123208,0.003573758,0.5928,0.926234,5.033707999999999,-0.5928138800000002,1.1818212,3.898664400000001,-0.4381946,-0.4486816,-1.44475,-2.591146,-1.4990829999999997,-0.9875475999999997,-0.9350434400000005,0.8068435999999997,0,1,0,0
0.2593814,0.0026488780000000008,0.8887999999999999,1.3887600000000002,1.0870676000000001,0.9359759999999998,0.7374829999999997,2.2352131999999987,-0.27332299999999987,0.4162438,-2.285226,-2.7517060000000004,-0.511992,-0.7198726,-1.8377454000000002,0.1822932599999999,0,1,0,0
0.12351468000000004,0.0038306659999999986,0.4792,0.7487580000000001,2.5841599999999985,2.8354180000000015,-0.09728137999999983,0.9782840000000002,0.4402707999999999,-0.5203844000000001,-0.5372539999999999,-1.619222,-1.9346544000000003,-1.7130841799999998,-0.6714080000000001,0.0688728000000002,0,1,0,0
0.08015635999999998,0.005597471999999999,0.4064,0.6350040000000001,0.23186000000000004,1.3642426,0.6781578000000001,-0.20725019999999997,-0.8803515999999999,-1.5574371999999996,-1.5498793999999991,-2.459190799999999,-2.2687175400000004,0.18535360000000003,2.1672422000000005,1.0808746,0,1,0,0
0.09180260000000003,0.0052841400000000005,0.4228,0.6606076,1.2663059999999997,0.9169488000000001,0.4649661999999998,-0.5474364000000004,-0.11485479999999995,-0.21708680000000002,-0.41711984,-0.07146199999999986,1.0249485999999999,-0.05584439999999995,-0.9824809999999999,-1.26654368,0,1,0,0
0.08500003999999999,0.004416924,0.42700000000000005,0.6672216000000001,0.8681288,0.8350936000000003,0.23365980000000022,0.24954545999999986,-0.34944000000000003,0.11235679999999991,-0.0785526000000001,-0.6678898,-0.48478933999999996,-0.29373039999999995,-0.24202079999999995,-0.12206360000000009,0,1,0,0
0.05234235999999999,0.006952836,0.34840000000000004,0.5443606000000001,4.081497999999999,4.696904,1.5975740000000003,0.4440258,0.24171138000000003,0.84434,0.1092478,-0.1927777,-0.34099359999999995,-0.23425680000000007,-0.6888063999999998,0.16462299999999996,0,1,0,0
0.12171819999999998,0.005505576,0.4508,0.7044,-2.5722508000000004,-2.7008208000000002,-1.6540264,-0.5547720000000003,1.4083127999999996,1.3693538000000003,1.5119386000000004,1.3971490000000002,-1.1884430000000001,-0.9306535999999999,0.198308,0.7224200000000001,0,1,0,0
0.09491991999999999,0.006884492000000001,0.455,0.7109352000000002,0.8876142000000001,2.1888179999999995,1.4054454,1.4305820000000005,0.462616,-0.2638226000000001,0.448244,-0.2060028400000001,-1.3415756000000005,-1.7021936000000002,-0.6790529999999998,0.28146340000000003,0,1,0,0
0.05984359999999999,0.005889486,0.31739999999999996,0.49595719999999993,1.5980156600000004,3.2081420000000005,3.2021020000000004,1.3808956000000001,-0.06006339999999997,0.018790799999999948,0.715138,-0.5312832000000001,-1.5300015999999999,-1.3391340000000003,0.4651357999999998,0.35001039999999994,0,1,0,0
0.09742199999999998,0.005376962200000001,0.4122,0.6440696000000001,1.8677259999999998,1.161702000000001,0.21331120000000006,0.3201962,0.11946899999999992,0.04288320000000004,-0.36963580000000007,-0.7737327999999999,-0.9647098,-1.0474502,-0.4880358,-0.2996397199999999,0,1,0,0
0.07992159999999998,0.005510164000000001,0.39640000000000003,0.6193759999999999,0.6100479999999999,0.7798155999999996,0.9158850600000003,0.605282,0.11228000000000009,0.41617100000000007,0.3922650000000001,-0.21156199999999994,0.034337,0.0525494,-0.66521438,0.24143159999999997,0,1,0,0
0.06382556,0.0058707360000000005,0.4048,0.6324860000000001,0.4660996000000003,1.8808888,1.7452431000000004,1.9736759999999998,1.9102584000000005,1.3368502400000002,1.8789658,0.6539069999999998,-0.956195,-0.9789421999999998,-0.30030599999999996,0.1670924,0,1,0,0
0.09929300000000002,0.004899206,0.5904,0.9225019999999999,0.6740630000000003,1.6781233999999998,1.3681180000000004,2.541208,0.8692778,-0.19062700000000007,0.3930098000000001,0.6001564,-0.44848940000000015,-0.4692492,-0.5339212400000001,-0.1374996000000002,0,1,0,0
0.0375786,0.002813062,0.45020000000000004,0.7034580000000002,3.9776459999999987,7.750249999999998,-0.4080311999999999,0.7665275999999998,-0.4846754,-0.9570522000000001,-0.6566431999999999,-0.1005273999999999,0.03886160000000008,-1.2604241999999999,-1.2642216199999998,-1.3436960000000002,0,1,0,0
0.04859500000000003,0.0021665600000000005,0.2998,0.46844399999999986,8.495239999999999,5.4663282,0.12131299999999992,-0.5121615999999999,-0.38824864000000014,-0.2670084000000004,0.1587356999999999,-1.2861732000000003,-2.3546060000000004,-3.104704,-2.8283180000000003,-0.18904259999999995,0,1,0,0
0.11031419999999997,0.0016381399999999995,0.4364,0.6818479999999998,7.3120259999999995,2.4363199799999995,0.4649709999999999,1.0601639999999999,-0.11455139999999997,0.8216354000000001,0.5523027239999999,0.7279403999999999,0.41339859999999995,-0.4538892,-0.9942158000000001,-0.7139640000000003,0,1,0,0
0.0743028,0.0018081579999999994,0.3506,0.5478220000000001,9.340556000000003,-0.021437600000000126,1.5142030000000002,1.1051320000000002,-0.6648432,0.3114822000000001,-0.7192649999999997,-0.7972790579999998,-1.1396159999999995,-1.542772,-1.5330120000000003,-0.2004072,0,1,0,0
0.12133399999999998,0.0014887720000000002,0.41259999999999997,0.644704,9.92171,2.2045822,1.8382594,1.3716208000000003,0.1622078,0.2572876,0.04884280000000004,-0.5245579,-1.5482506,-1.5936006000000003,-1.2232239999999999,-0.19536954,0,1,0,0
0.09047380000000001,0.0013772739999999997,0.3728,0.582504,11.693893999999998,0.9028471160000002,0.6964820000000002,1.3685719999999997,1.0292879600000002,-0.36222661999999994,0.2248672,0.34769340000000015,-0.15746965999999996,-1.1000286000000001,-3.1253340000000005,-1.43576,0,1,0,0
0.06851879999999995,0.0014855539999999998,0.3558,0.55594,8.13684,2.0461600000000004,1.3481236,-0.06093680000000019,-0.28494319999999984,-0.11300360000000008,-0.9970927999999999,-0.5282744000000001,-1.0697367999999998,-1.4855857999999997,-1.5501259999999997,-1.12114488,0,1,0,0
0.17781060000000007,0.00204946,0.5254,0.8209520000000005,7.285252000000001,0.05083820000000003,1.7127428,2.6158879999999995,0.6953628000000001,0.82408752,0.17099519999999999,-1.1776588,-1.3757305199999998,-0.8143262979999996,-2.2624160000000004,0.12176459999999992,0,1,0,0
0.09304619999999994,0.0014154839999999996,0.39,0.6093680000000001,8.875442000000003,1.1724256000000002,1.5541000200000001,2.824423,0.8415699999999998,-0.05141539999999997,0.3443277999999998,-1.0978921999999998,-0.30241940000000006,-0.6466135999999999,-1.51629,-0.6673124,0,1,0,0
0.11758380000000003,0.0013969659999999995,0.4702,0.7346759999999999,7.18456,-1.6178459999999992,0.15786762000000004,3.7432148,0.27580239999999995,-0.19245479999999987,-0.9376552799999998,-1.1144908,-0.6430362,-0.8494320000000001,-0.14136149999999992,1.2517784199999986,0,1,0,0
0.08742640000000003,0.001007266,0.4514,0.7053120000000003,5.81062,1.9111245999999997,0.05443639999999995,2.0885505999999996,0.6326769999999999,-1.3747959999999997,-1.7554094000000005,-1.2595488,-1.1755359999999997,-0.7014499999999999,-0.38186368600000004,1.4022529999999997,0,1,0,0
0.04679643999999998,0.0019727640000000005,0.4384,0.6850000000000002,2.136262,3.2947360000000003,0.7615915999999997,1.5316268,0.25334419999999996,0.08083919999999996,-0.5943560000000003,-0.9236182,-0.9381400000000001,0.1055595399999999,-0.3016038800000001,-0.6939806000000001,0,1,0,0
0.09031484,0.0037702960000000007,0.5856,0.914984,1.5932879999999994,0.7758003999999992,-2.0086014000000008,-1.6214140000000001,-2.2981819999999997,-2.252618,-1.3393142,-1.3656202000000002,-1.170774,-2.8722279999999993,-3.3129779999999993,-1.3905518000000001,0,1,0,0
0.12492244000000001,0.002913012,0.6409999999999999,1.0016059999999998,0.8465481999999999,0.39774600000000004,-0.703017,0.7120471999999998,-0.18773221999999992,0.3425102,0.43802657999999994,-0.36581140000000006,-1.25021596,-2.0656233999999993,-2.4592824000000006,-1.572564,0,1,0,0
0.15601364000000004,0.002908758,0.69,1.07808,0.5702793999999997,3.861838,1.9137078000000003,-0.2808266,0.06327120000000006,-0.5757712999999999,-0.2877761999999999,-0.9646042000000001,-2.3498859999999997,-2.0564360000000006,-1.6058995999999999,-0.554572,0,1,0,0
0.1892162,0.0043169440000000005,0.7776000000000001,1.2150059999999998,-0.27656,1.5524839999999998,0.04399919999999999,0.05557718000000012,0.43575264000000025,-0.041440199999999906,-0.6052824,-0.6174754000000001,-1.9891960000000004,-3.1193318000000003,-2.4523999999999995,-0.27641860000000007,0,1,0,0
0.1285184,0.0028812060000000007,0.6718000000000001,1.0496779999999999,2.975085200000001,2.2895622,0.5205425999999997,0.6309122,-0.29803664000000013,0.4797732000000002,-0.09696399999999997,-0.4404359999999998,-0.8380192199999997,-1.9549706000000002,-2.6174743999999994,-1.7103092000000004,0,1,0,0
0.273749,0.002136122,0.9754,1.5240820000000002,0.8925418000000002,4.203074000000001,1.1680328000000002,0.053892799999999984,-0.3905109999999999,-1.1633990400000003,-0.28166300000000005,-1.59462412,-1.7619508,-1.6190492000000003,-1.6132478000000001,-0.6865956000000001,0,1,0,0
0.10398400000000002,0.0029904699999999994,0.589,0.9203539999999998,1.572968,1.9315560000000005,0.34278080000000005,-0.41358404000000015,-1.2402629400000003,-1.1436978000000004,-1.06195868,-1.5431783999999995,-2.6796900000000003,-2.61418238,-2.030342,-0.44746219999999987,0,1,0,0
0.09265679999999994,0.002820974,0.5542,0.8659060000000001,3.8617839999999997,1.9751482000000002,0.10797000000000007,-1.8195657999999986,-1.2712515999999998,-0.2161034,-0.3115918,-0.5545298,0.3953112999999999,-0.5707196,-1.7651281200000006,-1.9215503999999992,0,1,0,0
0.12938080000000005,0.004106912,0.6332,0.9893760000000001,1.4351542000000004,-1.7872122000000001,-0.5849798,1.7352302000000004,0.09742420000000004,0.10855040000000002,0.4002938000000002,-1.09827816,-2.4742354,-0.8916664000000002,-0.48636440000000014,0.19248860000000004,0,1,0,0
0.1285852,0.0030164420000000003,0.579,0.9046920000000002,2.4962216520000005,-1.257476,-1.2503697999999996,-0.5275648000000001,-1.2547411999999998,-1.0040602,-1.337056,-2.916604000000001,-2.3830722,-0.5988057999999997,-0.15636900000000015,1.1242974,0,1,0,0
0.10858699999999999,0.0024350959999999994,0.596,0.931216,0.534227,-0.01563639999999987,0.4155859799999998,-0.9024493999999998,-1.8113035999999996,-2.2015037999999993,-2.0020036,-2.669658800000001,-2.0067819999999994,-0.16398180000000007,1.6006926000000001,0.9856825199999996,0,1,0,0
0.13016940000000002,0.003596822,0.4826,0.7540739999999998,0.09799799999999985,-0.7986610399999998,1.7878298000000001,0.5887966,-2.5156760000000005,0.93866082,-0.19124719999999987,-0.59248902,0.20382109999999998,0.1348546,-1.0293990000000002,-1.7317252000000003,0,1,0,0
0.14297068000000007,0.0037357939999999993,0.5354,0.8365739999999999,0.47734160000000003,1.6570360000000006,0.9782000000000002,0.48919399999999996,-1.0501610000000001,-0.19704775999999996,-0.008681999999999968,0.9868614000000003,0.8471271999999999,-0.12926132,-0.5372551999999999,-1.4131439999999997,0,1,0,0
0.1879638,0.0038980659999999995,0.6822,1.065976,0.6130605399999998,0.12435200000000006,0.9372173,0.43991379999999985,-0.6881246,-1.0399398000000002,-0.4424683999999997,-1.4651679999999998,0.26919212000000003,0.0901608,0.0760258,-0.04280439999999996,0,1,0,0
0.18759320000000007,0.004260368,0.6892,1.07692,-0.685678,0.8829653999999999,2.6431602000000005,-0.8460554000000002,-0.914018,0.19356098000000024,-0.025393599999999874,0.7092093999999995,0.55460284,0.36122920000000003,0.2672692000000001,-1.3217341799999998,0,1,0,0
0.20718600000000006,0.003660712,0.7021999999999999,1.0971739999999999,0.5849080000000001,0.6711955199999999,1.2478134,-0.31223759999999984,-0.36590680000000014,0.373425,-0.33563500000000007,0.4391913999999997,-0.19423416000000007,-1.1605789999999996,-1.1801017999999999,-1.1128789999999997,0,1,0,0
0.19421760000000007,0.003676238,0.6486,1.013432,0.7193261999999998,1.1375122000000004,2.3340592,1.4761720000000003,-0.6145577999999999,-0.2582960000000001,-0.06624200000000002,-1.5245316000000002,0.21355566000000017,0.6051897999999999,0.0745069999999999,-0.5559852,0,1,0,0
0.1793154000000001,0.0029862400000000007,0.6232,0.973788,-0.4921460000000004,-0.42831020000000025,3.9719119999999997,0.3973554000000002,-1.0766248599999997,1.2739279999999997,0.30199800000000004,0.4216472,0.31124642599999996,-0.38094100000000014,-0.21553363999999997,-2.56282,0,1,0,0
0.11961839999999999,0.004229704,0.519,0.810956,1.3797282000000004,0.63337,1.2966119999999999,0.13944379999999998,-1.2812800000000004,-0.8379186000000003,0.04104019999999994,0.289474,0.40571712,0.6281028000000001,0.06068799999999999,-1.6361499999999995,0,1,0,0
0.14897243999999993,0.003429398,0.6278,0.980956,2.5338064000000005,1.3553564199999995,1.2376580000000001,2.5047292000000003,0.19004759999999998,-1.2065349000000003,0.12086259999999999,-1.18291914,-0.1098044,0.9076570000000003,1.1654399600000003,-0.6175286799999999,0,1,0,0
0.09835399999999998,0.0046330139999999995,0.4938,0.7715349999999999,3.9096540000000006,0.7820012000000002,1.938354,3.20637226,0.2793432,-1.1764772,-0.6941102000000002,-0.5063956000000001,-0.9000856000000002,-0.2730328,0.7337611999999997,-0.37767359999999994,0,1,0,0
0.08000304,0.0027895559999999986,0.45439999999999997,0.710016,4.545357999999999,2.979564,2.1513020000000007,1.6650535999999994,0.10077640000000003,-2.0993380000000004,-2.2069040000000006,-1.4064302599999996,-0.9198756000000003,0.09225419999999994,0.7880133999999999,0.5989195400000001,0,1,0,0
0.07867563999999999,0.0019352319999999994,0.5893999999999999,0.92092,2.2040038000000006,4.311474000000001,0.7863327999999999,0.5947283999999999,-0.5998273999999998,-0.63755054,-0.41581860000000015,0.05653559999999998,-0.7512008000000003,-0.1592778,-0.008088099999999952,0.47927959999999986,0,1,0,0
0.046798599999999996,0.0019272400000000006,0.382,0.5968780000000001,3.765701999999999,4.890620000000001,0.78768598,-0.40049826000000005,-0.7669137999999998,-1.1085656840000002,-0.7035234000000001,-0.3872568000000001,-0.6995186,-0.19608739999999994,-1.0828977199999996,-0.14662746000000004,0,1,0,0
0.07273639999999998,0.0014106479999999998,0.47159999999999996,0.7368439999999999,4.967198000000002,4.11608,0.6570460800000001,-1.03549,-0.8830846000000001,-0.8914678000000003,0.13683180000000003,0.135097654,-0.40353120000000003,0.7215340000000002,-0.07016340000000001,0.04662420000000003,0,1,0,0
0.11094640000000004,0.0012355840000000003,0.6074,0.9490819999999999,4.84784,1.8934817999999993,-0.8112444000000001,-0.3348411999999999,0.7346062600000001,0.23577780000000007,-0.03622340000000003,-0.9508208,-1.1310167999999998,0.2740099999999999,-0.7138899999999999,-0.37884759999999995,0,1,0,0
0.12171740000000003,0.0015337319999999997,0.585,0.9140180000000001,4.436537999999998,0.22246860000000002,0.7840953999999998,1.0612139999999999,0.9006552000000002,0.889912,0.329233,0.5032980000000002,-0.8766928399999998,-0.40110559999999995,-0.6631741999999997,-0.14349179999999995,0,1,0,0
0.17687819999999999,0.0014413539999999997,0.7302,1.1408779999999996,2.852682,0.38411120000000004,0.3693702,-1.5759417999999998,-0.04546440000000002,0.48044539999999997,0.1561198,0.02287759999999991,-0.9491729999999999,-0.02187440000000001,-0.2900588,-0.3421119999999999,0,1,0,0
0.1646126,0.0037025200000000004,0.7308,1.14189,2.539566,2.112437999999999,0.06157851999999994,-1.5669696,0.5004058,-1.3310132000000003,-0.0932477999999999,-1.7464059999999997,-2.132843999999999,-0.837902,-0.5026308,-0.10268760000000002,0,1,0,0
0.22320640000000008,0.004360912,0.8351999999999999,1.305008,0.47051279999999984,1.2663559999999998,-1.5918622,-0.25676118000000003,0.016900999999999878,-0.043518480000000054,-0.6348198,-1.2572316000000001,-0.4210340000000001,-0.1901182000000001,-0.22498220000000002,-0.19764800000000002,0,1,0,0
0.287744,0.005213320000000001,0.983,1.53594,-0.6821199999999998,-0.6428280000000001,-1.5275919999999998,-0.8592762,-1.0812871999999998,-1.0572869999999999,-1.1269000000000002,-0.4808094,-0.43244640000000006,-0.3425684,-0.7822038000000002,-0.6642559251600001,0,1,0,0
0.432894,0.004552059999999998,1.2936,2.02124,-4.2813276,-2.1919519999999992,-2.787644,-1.4027422599999997,-0.3064820000000001,-0.4170689999999999,-1.37458172,-1.5661932,-1.9598414,-1.7667744,-1.0399770000000002,-0.5946719999999999,0,1,0,0
0.4089052,0.0025671227999999996,1.1492,1.7956340000000002,-1.8387160000000007,-3.4026646000000005,-2.6994331999999996,-1.366492,-0.7928808000000003,-3.5115377999999993,-4.196884,-3.3768719999999997,-3.9431748000000004,-1.8053192000000005,-0.039645599999999906,0.6072196200000001,0,1,0,0
0.12303960000000007,0.0011023426000000005,0.4518,0.705932,1.7935616000000005,-0.9653648,-2.6890338000000007,-2.7555219999999996,-2.7252193400000007,-6.533159999999999,-4.32032,-6.341488000000001,-5.741199999999999,-3.5358217999999995,0.7948653199999999,3.216354000000001,0,1,0,0
0.21453640000000007,0.005558360000000001,0.8370000000000001,1.30782,-1.6828400000000001,-1.4806999999999997,1.4862120000000005,1.3846523999999996,-3.5087144,-0.57001014,0.31026899999999996,-0.7045201400000005,-0.9855468,0.5897510000000001,0.3486358,-1.4171619999999998,0,1,0,0
0.2378904000000001,0.005850520000000002,0.8434,1.317822,-1.6957820000000006,-0.6452336000000001,0.49288740000000003,1.256498,-2.27419,-0.8379257999999998,1.3028924000000002,1.8872296000000004,0.2906757999999999,0.443247,0.4560243400000001,-1.7041572000000003,0,1,0,0
0.3092186,0.00673444,0.9768000000000001,1.52631,-1.2319719999999998,-0.1307900000000001,1.3621210000000001,2.393244,-1.2036532,-1.3864633599999998,0.40997,-1.0615317,-1.0735218,0.7071140000000001,1.6381090000000003,0.5338843999999999,0,1,0,0
0.229078,0.005070200000000002,0.8323999999999999,1.3005920000000002,-2.205292674,-0.7385171999999999,3.322237799999999,0.7745039999999997,-1.4879575999999997,-0.16423059999999992,-0.1602145999999999,0.6357967999999997,-0.3177397000000001,-0.014916199999999921,-0.04279199999999995,-1.5763172,0,1,0,0
0.2380447200000001,0.005816114000000001,0.7534000000000001,1.1771440000000002,-2.16222852,-1.5384543999999998,1.7324640000000002,0.3092734000000001,-2.4954159999999987,-0.4643513999999999,0.8733960000000001,2.0178462,0.16035740000000004,0.09239440000000002,0.6539408000000003,-1.2849460000000001,0,1,0,0
0.25046340000000006,0.00543758,0.7556,1.1807040000000002,-0.4235920000000001,0.17030480000000014,1.6459019999999998,0.9098484000000002,-1.4034514999999999,-1.9110428,-0.25424754,-1.3266356,-0.9364180000000001,0.30440100000000003,0.49943346000000005,0.18383020000000003,0,1,0,0
0.2005650000000001,0.004167264000000001,0.7352,1.1487900000000002,-2.096561,-1.9426281399999998,3.3290359999999986,-0.4831381999999999,-2.9437519999999995,-0.8707834000000004,-0.4955604,-0.1422980000000001,-1.1485492000000008,-1.8157676,-0.8164264,-2.118258,0,1,0,0
0.1669554,0.0050446499999999995,0.6578,1.0278059999999998,0.8528414,-0.47093599999999997,0.54836674,-0.7470602,-1.6729820000000002,-0.738397,0.4758366000000001,0.26446699999999995,0.6762268000000005,1.0522261999999996,0.050843399999999886,-1.896906,0,1,0,0
0.16929239999999993,0.005214780000000001,0.643,1.004664,2.0605984,1.0583490000000002,0.6260944,1.8646562,-0.5407728,-1.1445992000000003,0.02245839999999994,-0.7595203599999999,1.5099685999999999,1.8393720000000002,1.53331,0.021836,0,1,0,0
0.1380338,0.004547897999999999,0.5516,0.8618559999999998,-1.5569837320000002,-3.0331266800000005,-1.6783773600000007,0.5913825999999995,-0.004053379999999968,-0.30205999999999994,1.6123649999999998,1.186692,-0.4748412,1.0298120199999998,1.7857376,0.21855999999999992,0,1,0,0
0.17742360000000004,0.004135646,0.6679999999999999,1.0437780000000003,-3.5641400000000005,0.4627908400000001,-0.28198512000000003,0.7192345999999997,0.7724861999999998,0.21965010000000004,0.28207599999999994,-2.9381102000000006,-2.441006,1.7992360000000003,1.6056539999999992,-0.47747016000000003,0,1,0,0
0.26703240000000006,0.004189020000000001,0.9342,1.459692,-0.4293278000000001,0.8233305999999999,0.35613799999999995,1.5649062,-0.9997699999999999,-0.5211947999999998,-0.900415,-3.133867999999999,-1.0364133999999996,1.0931552000000002,0.34029599999999993,-1.2583199999999999,0,1,0,0
0.20743640000000008,0.003852959999999999,0.8278,1.2934180000000002,-1.7517830000000003,-1.0074385999999997,1.318378,-0.4553772400000001,-2.6605679999999996,0.5970609400000002,-0.9495315999999999,0.1916979999999998,1.216258526,0.10848319999999995,-0.29592746,-1.7779608000000005,0,1,0,0
0.27453164,0.00511366,0.8428,1.3168240000000002,0.64508154,1.8254442,0.284264,0.5817068,-1.0892735199999999,-1.3425325999999997,-0.6060594,-0.42888539999999997,0.21087759999999997,0.6413788000000001,0.864088,-0.46549100000000027,0,1,0,0
0.27000440000000014,0.0048070679999999985,0.8484,1.325588,-1.2404144,-0.6753959999999999,3.2036794000000004,1.0395224000000005,-1.5504535999999995,-0.2281109999999999,-0.244362,-0.34506640000000005,0.5299472000000001,0.04767240000000001,-0.10713491999999988,-0.3032568,0,1,0,0
0.21672892000000005,0.004757998,0.763,1.192154,-1.7676504000000002,-0.7495707999999999,1.3925956,-1.1442179999999997,-1.9264144000000005,-0.10043200000000001,-1.6710939999999994,0.10351720000000003,1.1752047999999997,0.6331785999999998,-0.0945206,-1.7249291999999994,0,1,0,0
0.26374547999999987,0.004480906,0.877,1.3703720000000001,-1.1963278,0.7559910000000002,1.2436752000000002,-0.09189179999999995,-1.2201204000000003,-1.6381878000000003,-0.383916,-0.04859199999999993,-0.10936240000000008,0.36986724000000004,-0.4143841999999999,-0.7017052000000001,0,1,0,0
0.2526691999999999,0.003939859999999998,0.8022,1.2534280000000002,-1.0172704000000001,-0.38612179999999996,4.235382,1.6058822000000004,-1.0790060000000001,0.2422021999999999,-0.04103277999999984,-0.39135399999999976,-0.639472,-0.594317,-0.9164304,-1.0201920000000002,0,1,0,0
0.18665160000000003,0.004360944000000002,0.705,1.101612,-0.33368600000000015,0.059203139999999925,2.444007599999999,-0.49188886,-1.3922285999999997,-0.48526160000000007,-0.2685006000000001,0.2627296,-0.5033907999999998,-0.41035420000000017,-0.6496110199999999,-2.0365780000000004,0,1,0,0
0.18703079999999994,0.005328239999999999,0.7272,1.1362599999999998,1.1968440000000002,1.0191423999999998,0.3840857999999999,-1.005173,-2.0889010000000003,-1.3348795999999998,-1.004912,-0.441395,1.6542318000000003,1.8002580000000004,0.8218270000000001,-0.88382798,0,1,0,0
0.16616059999999996,0.005418115999999998,0.7432,1.1612159999999996,1.081931,-0.6617254,0.34437940000000006,1.8913491999999996,-0.6021683999999999,-0.8506743999999999,-0.24018559999999997,-0.5175936000000001,-2.0800000000000595E-4,1.3269432,1.7302679999999997,-1.1581719999999998,0,1,0,0
0.1524226,0.003973989999999999,0.6478,1.012164,-1.4280280000000005,-1.3101377999999997,-1.3252383999999997,0.149958,1.276186,0.288617056,1.895398000000001,-1.1680017999999996,-3.2197776,0.5285593999999999,1.7476036000000001,0.607612,0,1,0,0
0.1647714,0.004066978,0.7487999999999999,1.16996,-0.918062,0.6622866000000002,-0.17449060000000013,1.1797455999999997,1.0711970000000002,1.0091896,0.3227805999999999,-3.719242000000001,-2.133376,1.872146,1.5978482000000003,-0.8233459999999999,0,1,0,0
0.06585900000000003,0.0027827340000000002,0.3546,0.5540639999999999,3.4702438000000004,4.023334,2.7924199999999995,0.447198,2.666684,2.538441999999999,1.0006743999999999,-4.219552,-0.17841521999999993,2.5104119999999996,-0.4606373300000001,-3.0561980000000006,0,1,0,0
0.04383020000000002,0.002395364,0.276,0.4312500000000001,8.96052,5.644555000000001,1.4922284000000006,-1.0493034,-0.11263649999999994,-0.5058560000000003,-0.012805999999999998,-2.4983865999999995,-3.1825,-3.718208,-3.656854000000001,-0.19629387999999992,0,1,0,0
0.10851839999999999,0.0027988,0.39640000000000003,0.6193780000000002,10.190267999999996,4.202271799999999,-0.26710422,1.4263670000000002,-0.026868039999999965,1.6896791999999994,-0.9323212000000002,-0.22409939999999984,0.0344710000000001,-1.350998,-0.7083608799999997,-1.8835160000000004,0,1,0,0
0.08601880000000003,0.003483822,0.3864,0.6037420000000002,8.425082,0.4783841999999999,3.3066079999999998,2.9646020000000006,0.04293380000000003,0.731532,-0.6290928,-0.5080140000000001,-0.7395292000000001,-1.3183900799999997,-1.7307080000000001,0.6103226000000003,0,1,0,0
0.13649080000000008,0.0022512059999999995,0.45640000000000003,0.7131239999999999,8.545341999999998,2.233408,2.7795412000000015,2.0255042,-0.46259640000000013,-0.33897719999999976,-0.6033786,-1.1260066000000004,-2.2136473999999997,-2.1478428000000003,-1.4452399999999996,-0.4794408,0,1,0,0
0.08679959999999998,0.0021901260000000006,0.32899999999999996,0.5140560000000001,15.007717999999995,0.55948518,-0.6925114919999998,0.4559638000000001,0.92170256,-0.42981319999999995,-1.0227843999999997,0.40339043999999996,-0.17795720000000015,-1.4739436000000004,-2.018708,-1.0819981999999997,0,1,0,0
0.06687639999999999,0.0026853780000000004,0.3034,0.4740620000000001,8.749152000000004,0.9107952799999999,1.8202277999999998,1.0333499999999995,-0.33582619999999996,-0.264396,-0.5292030999999999,-0.23712860000000013,-0.6075744000000001,-0.9520508000000001,-2.2298312000000005,-1.3036158000000002,0,1,0,0
0.1824216,0.0035961300000000003,0.5602,0.8752999999999997,8.287735999999999,0.7063242000000001,1.8138222000000004,1.8880140000000003,-0.04223700000000002,0.8310783999999997,-0.4178641999999997,-1.1538445999999998,-0.9478594000000004,-1.6521195999999998,-3.0508540000000006,-0.43963167999999997,0,1,0,0
0.0690636,0.0035137180000000003,0.3118,0.4871879999999998,11.163579999999998,0.5652086000000001,1.0079040799999996,2.787616,1.2117159999999998,-0.3888429999999999,-0.18788,-1.0506195,-0.6625469999999999,-0.7401281000000001,-1.67469854,-1.5009290000000004,0,1,0,0
0.1176608000000001,0.0027635920000000005,0.4714,0.736566,8.81734,-2.3135400000000006,0.4093503999999998,5.67926,-0.13749000000000003,0.7222794,-1.282577,-1.1201318,-0.4352773999999999,-1.349646,0.08876900000000004,1.6260319999999993,0,1,0,0
0.09055200000000005,0.0024906200000000002,0.354,0.5531280000000002,11.900739999999999,-0.30730939999999995,-0.4785903999999998,3.0479995999999994,0.5336839999999998,-0.55986,-1.7101718,-1.4918159999999998,-1.0572679200000006,-1.1990246000000004,-0.39715058,1.0655936,0,1,0,0
0.05343744000000001,0.0011799792,0.2482,0.38781040000000006,13.046380000000005,1.0303992720000001,1.8108912000000001,0.009780902200000172,1.4348759999999996,-0.6771913999999998,-2.097474,-0.24692160000000002,-0.8987248,0.17868660000000008,-0.08064839999999997,-0.052363359999999866,0,1,0,0
0.081874,1.1978259999999999E-5,0.3546,0.5540579999999998,10.485840000000001,-7.7869,-0.7378850000000002,-8.901420000000003,-0.3492371999999999,-3.6733700000000002,-8.914779999999999,-3.3928779999999996,-2.476214,1.2186251999999997,3.6847400000000006,2.4517344000000003,0,1,0,0
0.07484360000000001,1.1479673400000002E-6,0.31120000000000003,0.48624599999999996,12.77546,-7.667040000000002,-2.9135823999999997,-10.11788,-2.1157940000000006,-3.8020240000000003,-9.33198,-4.058968,-1.8609627600000003,1.9681326,3.9887400000000017,2.7292769999999997,0,1,0,0
0.0703128,7.203871160000003E-10,0.1678,0.26218160000000007,0.5140479999999507,-1.0403819999999835,-2.04048000000005,-1.8669729999999667,-0.7545059999999216,-1.1436919999999424,-2.4203140000000496,-2.1148479999999177,-0.5882932000000907,0.9611948799999877,1.558967999999728,1.2249560000000494,0,1,0,0
0.0,0.0,0.0,0.0,-8.527E-14,2.842E-14,-8.527E-14,5.684E-14,1.35E-13,9.948E-14,-8.527E-14,1.492E-13,-1.563E-13,-2.132E-14,-4.69E-13,8.527E-14,0,1,0,0
