0.27421999999999974,3.4980918565418E-5,0.2286,0.35718479999999986,9.931973999999983,2.6195600000000057,1.3607783999999827,1.3425392000000116,-0.8261545999999731,-0.48008739999998007,0.580208859999983,-1.4602399999999702,-2.2542678600000317,0.10937239999999575,-0.2283346000000939,-0.525802759999983,0,0,1,0
0.044373600000000034,8.325689999999999E-5,0.19260000000000002,0.300936,27.841400000000007,-1.3151118000000002,-1.4194599999999997,0.5315674000000001,-2.306071999999999,-2.5469951999999996,-2.39470448,-2.6058339999999998,-3.2043479999999986,-2.1896868,-0.7578485999999998,0.015037399999999961,0,0,1,0
0.04320420000000001,7.655078000000003E-5,0.16699999999999998,0.26094599999999984,29.153800000000004,0.6936166599999999,-1.9627717999999994,0.15377580000000013,-1.1293342,-1.4541372799999996,-2.1253879999999996,-2.132934,-0.6263597999999999,-0.3918288,-1.3392699999999997,-0.8121919,0,0,1,0
0.060546800000000005,1.0670980000000001E-4,0.24280000000000002,0.3793799999999999,28.606600000000004,-3.7338253999999993,-1.6219759999999988,-1.0284049999999996,-1.3333292,-0.6470218800000002,-0.1778214,-0.22959120000000002,-1.6405919999999998,-0.8303275999999998,0.809769,-0.8176232000000004,0,0,1,0
0.04218780000000004,9.038934000000002E-5,0.1638,0.25593600000000005,27.508400000000005,2.5203720000000005,0.9396080000000002,0.6411877999999995,-2.0237722000000002,-1.1196951999999996,0.6299332000000003,-2.590908,-3.2926738000000015,0.4443503999999998,0.3650328000000001,-1.2162076,0,0,1,0
0.050314999999999985,2.5150700000000003E-5,0.2242,0.35030999999999995,25.694000000000006,-2.9046966000000003,-2.8940176,0.4495115999999999,-1.6501500000000002,-3.89812,-2.8527940000000003,-1.0366838000000005,-2.158448,-1.8208128,-0.002359,0.4067482000000001,0,0,1,0
0.0475786,9.858128000000004E-5,0.1732,0.270644,29.510600000000004,0.9853598000000003,-3.0498979999999993,-0.1846,-0.03129919999999998,-0.4424934000000002,-1.3376488,-2.126626,-1.2328626,-0.01618440000000003,-0.7446600000000001,-0.7343589999999999,0,0,1,0
0.04836259999999999,5.003585999999998E-5,0.1966,0.30719,28.4832,-0.13036919999999996,-1.5567206000000002,0.9713782000000002,-1.0074923399999998,-1.0162572,-0.13994399999999996,-0.49954899999999974,-1.9384930400000004,-0.6113934000000001,0.021474799999999995,-0.47337939999999995,0,0,1,0
0.05038980000000001,1.2897739999999996E-4,0.1894,0.29593400000000003,26.534199999999995,0.3661000000000004,1.4965460000000004,0.3687521999999995,-1.8815871999999996,-0.566438,-0.38011780000000017,-4.42272,-4.591,0.8042898000000004,-0.03476136000000003,-2.337548,0,0,1,0
0.0720386,1.6478265999999997E-4,0.2692,0.42062200000000005,23.888999999999996,-3.913988,-2.1686365999999997,-0.2602774,0.6289146,0.0036140000000002017,-4.596500000000001,-6.5650400000000015,-0.05068740000000017,-0.1521032160000001,-4.37424,-0.4753472,0,0,1,0
0.08367280000000003,1.4261879999999998E-4,0.2932,0.45812800000000004,27.5594,-3.623011800000001,-1.761533,-1.0749928000000002,0.49303200000000014,1.6893359999999995,-1.4791382000000004,-4.8315,-0.4187800000000002,1.7529440000000005,-1.7715163999999999,-1.7753158000000004,0,0,1,0
0.06648280000000004,2.363754E-4,0.2928,0.45750399999999997,23.2924,-1.8571716000000007,-1.3324839999999996,-1.4739860000000002,-0.6892929999999998,1.5765519999999997,1.165362,-0.046984,-2.2142747999999997,-2.83154,-2.1855758000000005,-0.2216638,0,0,1,0
0.06656120000000004,1.5239885999999994E-4,0.27899999999999997,0.43593600000000005,21.361999999999995,-1.8522120000000002,-2.6286579999999993,-2.0657840000000003,-0.6558495999999999,-1.1529206000000003,-0.4694033999999999,-0.08979515999999997,-2.7943279999999993,-5.2980800000000015,-3.091100000000001,0.6193810000000001,0,0,1,0
0.06578179999999999,2.134282600000001E-4,0.3126,0.4884419999999998,24.463999999999995,-1.9663256000000005,-3.268724,-3.555712,-1.4017595999999997,-0.15118099999999995,0.9574238000000002,-0.19700399999999996,-0.25603000000000015,-4.3943959999999995,-2.3349,0.9359840000000001,0,0,1,0
0.05492339999999995,1.3419099999999998E-4,0.2046,0.31968799999999997,28.6318,-1.1349122,-1.4781536000000002,-1.5407428,-0.35710159999999996,-0.9977122000000003,-0.08335640000000005,-1.5918692000000005,-0.5365533999999998,-0.7386762000000001,-1.525036,-1.6289540000000002,0,0,1,0
0.04328240000000002,7.496416E-5,0.17920000000000003,0.2800000000000001,25.375,0.6253972,2.35011427,1.3488417399999997,-1.6809893999999994,-2.2784259999999996,-0.7666602400000002,-1.8869066000000003,-2.5818484,-0.09751320000000005,1.4951200000000002,-0.7518741999999999,0,0,1,0
0.061956199999999954,3.670072E-4,0.25239999999999996,0.39437399999999995,19.3072,-6.844668000000001,-0.6163325999999999,-4.375839999999998,-2.8497379999999986,-4.76442,-4.665043999999999,-1.4593040000000002,-1.6375137999999996,-4.16172,-1.3888695999999998,0.32834952799999995,0,0,1,0
0.052735400000000016,4.8770439999999997E-4,0.2262,0.35344,25.928999999999995,-3.041585800000001,-1.159156,-1.2926447999999997,-1.1514883999999999,-2.8694239999999995,-1.52022052,-1.0078294,-1.695824,-1.971276,0.15349600000000005,0.5256982000000003,0,0,1,0
0.06578079999999999,2.2977719999999998E-4,0.2834,0.44281000000000004,21.62,-4.932339999999999,-0.04307920000000011,-3.6750399999999996,-1.3324086,-2.1044858,0.00756200000000008,-1.0313620000000001,-1.8187380000000002,-1.6919618399999994,0.2100419999999999,-0.6552672000000002,0,0,1,0
0.05289040000000002,1.0766619999999998E-4,0.20420000000000002,0.31906799999999996,25.038400000000003,-1.6600716000000002,1.4513997199999997,0.28536740000000016,-1.9589675999999998,-3.2808200000000003,-0.48790760000000005,-1.8734399999999996,-3.404708,0.07889060000000006,1.6097701800000004,0.43321611999999965,0,0,1,0
0.044845200000000016,3.125514E-5,0.20920000000000002,0.32686800000000005,24.67559999999999,-4.24674,-1.7705060000000004,-0.5683808,-2.4523100000000007,-4.4724200000000005,-4.114060000000001,-1.5248969999999997,-2.4110959999999997,-2.710822,-0.5773220000000002,0.8143283999999998,0,0,1,0
0.04890680000000001,8.651823999999999E-5,0.187,0.29219399999999995,29.077199999999998,0.6283460000000001,-2.5137880000000004,-0.8566540199999999,-0.015763200000000036,-1.3566193999999998,-1.2529408000000004,-1.1821499999999996,-1.7124164000000002,-0.5917276000000001,-0.18667799999999996,-0.6569419999999999,0,0,1,0
0.04820639999999999,5.1738599999999986E-5,0.1998,0.31218999999999997,27.6536,0.5043530000000002,-1.1998242000000001,-0.2139661999999996,-1.0598508000000002,-1.123548088,-0.6789598999999998,-1.0240692,-2.1602313999999994,-0.11177245999999995,0.4020335999999999,-1.2585145999999996,0,0,1,0
0.050155600000000015,6.363996E-5,0.184,0.2875,25.891399999999997,2.012519999999999,0.5394351999999999,0.5456306600000004,-1.3927280000000004,-0.8121831999999999,-0.8796964000000002,-4.35802,-4.44804,0.25694438,-0.15674960000000004,-1.4175628,0,0,1,0
0.07039859999999999,1.3525340000000003E-4,0.262,0.40937599999999996,23.5264,-2.9055440000000003,-2.0017090000000004,0.27828963999999995,0.7449458,-0.9873588000000002,-5.18118,-6.603920000000001,0.1605115999999998,0.18199233999999997,-4.0265,-0.064087,0,0,1,0
0.08132920000000002,2.241006E-4,0.2742,0.42842600000000014,28.408599999999996,-3.448338,-1.9816432000000004,-1.0495732199999999,0.6532763999999999,1.2862576000000001,-1.7520093999999997,-4.6814,-0.030846199999999865,2.4025580000000004,-2.6802900000000007,-3.3375880000000007,0,0,1,0
0.06773340000000003,2.887046E-4,0.2986,0.4665600000000002,22.80740000000001,-2.2548516,-1.5995079999999995,-0.599218,-0.5651644000000001,2.1374142000000003,1.2173963999999997,-0.8216051999999994,-2.5394819999999996,-3.078802,-2.5591662000000004,-0.5812975999999999,0,0,1,0
0.06507660000000004,1.95987E-4,0.2754,0.4303039999999999,20.297,-2.148084,-1.8949619999999998,-1.6446577999999996,-0.91386636,-1.2928600000000003,-0.39710999999999996,0.03654139999999999,-2.9012919999999998,-4.28266,-3.0900360000000004,0.21358200000000033,0,0,1,0
0.06874920000000002,3.2513563999999993E-4,0.33340000000000003,0.5209479999999999,21.996399999999998,-3.1273799999999987,-2.9213559999999994,-3.755151999999999,-1.484682,-0.3107240000000001,1.0312628999999998,0.6439365999999995,-0.40135600000000005,-5.200565600000001,-1.8180424000000004,1.0278780000000003,0,0,1,0
0.05648479999999998,1.9006619999999998E-4,0.2336,0.36500399999999983,27.118999999999996,-1.7811260000000002,-0.9623164000000003,-3.300136,-0.6332462999999999,-1.6132599999999997,0.7036584000000002,-1.7403025999999995,1.115892,-1.0576628,-0.6874616,-1.3556630000000005,0,0,1,0
0.05437740000000001,1.2267544000000002E-4,0.2286,0.35718600000000017,25.707399999999996,-2.2697700000000003,0.13140219999999997,0.2796508000000001,-1.2713709999999998,0.04807959999999995,0.363344,-1.0699364999999998,-2.2397075999999996,-1.2771,0.42544399999999993,-0.1457536,0,0,1,0
0.06726440000000002,7.825606000000001E-5,0.2682,0.41905600000000015,24.737799999999993,-2.465954,-2.806852,-2.522206,-1.0846821,0.540571,-0.1156109999999999,-0.010261619999999931,-3.808600000000001,-3.181966,-0.26636220000000005,-1.9118045999999997,0,0,1,0
0.05968600000000004,4.294984E-5,0.2438,0.3809419999999999,23.0396,-2.659760199999999,-3.259609999999999,-0.34347599999999967,-0.1657462000000004,0.8476784,0.8603396000000001,-1.091266,-2.3500080000000008,0.18778800000000012,0.8789491999999999,-1.3422747599999996,0,0,1,0
0.04101600000000003,4.311556E-5,0.18,0.281248,25.800599999999996,-2.5047900000000003,-0.24051119999999998,2.037913999999999,-0.4106552600000001,0.21691879999999966,-0.15573999999999977,-2.1777409999999993,-1.4380196,0.44623580000000035,0.2335956,-0.2364734399999999,0,0,1,0
0.04734559999999998,1.7385231999999997E-4,0.21539999999999998,0.33656200000000014,26.855999999999995,-3.8988619999999985,-1.3496719999999993,-0.711164,-1.8828452000000013,-2.7537380000000007,-3.397012,-1.5642644,-1.084854,0.7111527999999998,1.0685747999999995,-0.0011344000000000599,0,0,1,0
0.048906000000000026,5.7547600000000004E-5,0.20440000000000003,0.31937799999999994,27.510999999999996,-2.330946,0.09008019999999999,-2.2522819999999992,-2.7701599999999997,-2.635924199999999,-3.3026219999999995,-1.1635518,0.003678400000000086,-0.09528519999999993,-0.2815128000000001,0.040661200000000175,0,0,1,0
0.045625000000000006,3.5054719999999996E-5,0.177,0.27657,25.906800000000004,0.9213914,-2.0208559999999993,-1.55749,-1.4190651999999997,-1.5361313999999995,-2.404852,-1.1338557999999999,-0.3900626,-0.394455602,-0.8363911399999996,-0.8566888000000001,0,0,1,0
0.05304620000000001,3.0273599999999998E-5,0.20420000000000002,0.31906200000000007,26.257800000000007,1.3819267999999996,-4.492240000000001,-2.9089300000000002,-2.0727488,-1.691208,-1.729504,-1.4173168,-0.35297260000000014,1.0337201999999999,-0.33501391999999997,-1.3281940000000003,0,0,1,0
0.043436600000000054,2.3879759999999995E-5,0.16079999999999997,0.2512579999999998,26.3686,4.436622,-3.7686359999999994,-1.3606089000000003,-0.7587998000000001,-1.4653672000000002,-2.1540419999999996,-1.8029360000000003,-0.8841264,0.09398084000000001,-0.8117139,-0.7374722000000001,0,0,1,0
0.04492320000000001,5.682280000000001E-5,0.1822,0.28468200000000005,28.814999999999994,3.7441961999999993,-2.721906,0.3426066000000001,-0.20454615999999984,-1.9902325999999997,-2.6006836,-1.8834440000000003,-1.1085490000000002,-0.8386356,-1.0816586,-0.15957280000000001,0,0,1,0
0.05015399999999999,2.7963206000000007E-4,0.2224,0.34749800000000003,24.406800000000004,1.4621179999999998,-1.4624661999999997,-2.5347772,-0.3689624000000001,-1.6381904200000008,0.9767606000000003,-2.170638,1.0280886,0.1281772,-1.2533082,-2.114743,0,0,1,0
0.06296839999999998,5.862049999999999E-4,0.2866,0.4478039999999999,19.1334,-2.5864416,-1.6896213999999998,-5.714119999999998,-1.8897204000000003,-1.4945179999999993,0.6722440000000001,-1.3497999999999997,0.8201533999999999,-2.2320670000000002,-0.787581,-0.1160240000000001,0,0,1,0
0.06992419999999995,4.718340000000001E-4,0.2882,0.4503080000000001,24.555200000000003,-3.01893,-1.747696540000001,-1.5243779999999996,-0.7610294000000003,1.0577112000000002,-0.0718285999999999,-2.3000793999999996,-0.8380973999999998,-1.4588996400000003,0.02284660000000004,-0.593556,0,0,1,0
0.06882899999999997,5.107228000000001E-4,0.2916,0.45563,24.692200000000003,-3.663352000000001,-1.5678259999999997,-3.9050080000000005,-3.357510000000001,-0.019967799999999834,0.5781927999999997,-1.19742,0.012976799999999695,-1.9171128,-0.27517320000000006,1.3627544199999997,0,0,1,0
0.06726659999999997,3.5370059999999997E-4,0.25920000000000004,0.4050019999999999,24.153200000000002,-2.255734,-1.1067007999999996,-2.1374624072000006,-1.1373895999999997,1.7120975999999997,0.37371619999999994,-1.2825534000000003,-1.6588741999999999,-2.6486570000000014,-0.209275,0.8935839000000003,0,0,1,0
0.06343959999999997,3.655421999999999E-4,0.2862,0.44719,25.05420000000001,-3.585981999999999,-0.7602783199999998,-3.569560000000001,-3.0817780000000004,-1.2838819999999997,-0.13400439999999988,0.8221392000000002,2.2261519999999995,-2.7919879999999995,-1.8243980000000002,1.1467756000000002,0,0,1,0
0.06554779999999996,1.471538E-4,0.24239999999999998,0.37875200000000014,25.218600000000002,-1.7664220000000004,-1.1486665999999999,-2.563532000000001,-0.446776,2.1428119999999997,-0.26391000000000014,-1.7746880000000003,-0.8878868000000001,-2.4464859999999993,-0.7238159999999999,0.8786519999999999,0,0,1,0
0.05062560000000001,1.5141259999999995E-4,0.19879999999999998,0.3106240000000001,29.098599999999998,-2.3366680000000004,-0.4266266,-1.8503999999993858E-4,-0.729326,-0.2625344,-1.9021986000000002,-1.908058,-1.0779873999999996,-1.7584329999999997,-1.6023454000000004,0.6764339999999999,0,0,1,0
0.04156360000000005,7.338760000000001E-5,0.16820000000000002,0.2628219999999999,29.417199999999998,1.4189644600000002,-1.1752528,0.4657242999999999,0.10304760000000002,0.5930802,-1.1710639999999997,-2.386093,-1.1596302800000002,-0.5885631400000001,-1.2166698,-0.2860861800000001,0,0,1,0
0.05453199999999998,2.0475199999999997E-4,0.2234,0.34906599999999993,28.902400000000004,-0.7325909999999999,-1.712446799999999,-0.3308065599999999,-0.79944084,-0.02600919999999981,-0.675102,-0.4963609999999998,0.3488171999999999,-0.7751385,-1.522186,-0.2643200999999999,0,0,1,0
0.07000179999999995,4.748658000000001E-4,0.3166,0.49470000000000003,25.001480000000004,-1.903998,-1.3594342,-2.119632,0.1902694,3.453566999999999,0.7485722,-2.3468271999999994,-2.2074304000000002,-2.2838140000000005,0.7398024000000002,0.9464419999999997,0,0,1,0
0.08360019999999999,0.0010842185999999998,0.3712,0.5799980000000002,22.499460000000003,-3.8286119999999992,-2.3529746,-1.5746454599999995,-1.1883038000000001,1.7890381999999996,-1.6773120000000008,-4.875569999999999,-1.8614960000000005,3.3661399999999997,0.6208300000000004,-2.3805664000000006,0,0,1,0
0.07673439999999998,1.8477139999999997E-4,0.33899999999999997,0.5296839999999999,23.064680000000003,-3.9467779999999983,-1.7638114000000005,-0.21478440000000007,1.8671126,1.5722674,-3.639248000000001,-5.2287799999999995,1.2117040000000003,2.4969327999999997,-3.5788600000000006,-1.2542961999999998,0,0,1,0
0.0632056,3.612627999999999E-4,0.2826,0.44157,23.522599999999994,-3.08427,-2.821008,-1.0430017999999999,-2.017208,-1.2654139999999996,-0.25550500000000015,-1.689782,-0.38356581999999995,-3.159128740000001,-3.1533759999999997,0.41648799999999997,0,0,1,0
0.07445419999999997,5.800696000000001E-4,0.3408,0.532506,22.098000000000003,-2.671462240000001,-2.1215398,-2.6325103999999997,0.09480656,2.2925424,1.51802,-4.048452,-3.929874800000001,-2.3672725399999988,-0.7618018,0.5577828000000001,0,0,1,0
0.0658596,5.731640000000001E-4,0.2544,0.397508,26.69900000000001,-2.5265208,-2.412658,-3.853447999999999,-3.3904262,0.58299258,0.2200942000000002,-1.9793439999999998,-1.092328,-1.3520083999999997,1.2888732399999998,0.1387084799999998,0,0,1,0
0.06836,1.8247319999999999E-4,0.297,0.46406799999999987,24.33559999999999,-1.6338614000000005,-0.551076,-3.2546159999999986,-1.8985442000000006,1.008406,1.5747224000000002,-0.28415903999999975,-0.03927200000000014,-3.479719999999999,-0.6810914000000003,1.4305332000000002,0,0,1,0
0.056015999999999996,1.679806E-4,0.20739999999999997,0.32406799999999997,29.2652,-0.8840083999999999,-1.1363637800000002,-0.925917,-1.3106829999999996,1.0888721199999996,-0.7644302,-1.5699846,-0.1510111539999999,-2.2067288,-1.2115212000000002,0.300205,0,0,1,0
0.04320420000000001,9.455700000000001E-5,0.17859999999999998,0.279056,29.433400000000017,1.5042916,-1.3978190000000004,0.5844116800000001,-0.5703466000000001,0.09215719999999998,-0.7855272000000002,-1.3712980000000001,-0.7000556,-1.1897260000000005,-1.5528996000000004,0.27488154000000004,0,0,1,0
0.04734419999999998,8.07038E-5,0.17379999999999998,0.2715699999999999,29.102800000000013,3.875424799999999,-2.9145680000000005,-2.0877512000000005,-0.815694,-0.8124473999999999,-0.28544620000000004,-0.9949327400000001,-0.9382247000000002,-0.5354739999999999,-1.5418242,-0.7791854599999999,0,0,1,0
0.06671959999999996,1.7129339999999993E-4,0.321,0.5015739999999999,21.886,1.3495388199999996,-3.1523122,-2.8282124000000004,-1.1358312000000004,2.6379679999999994,0.075848,-0.9941890000000002,-2.9347864000000006,-4.241626000000001,-0.18254698000000003,2.625138,0,0,1,0
0.08532159999999996,2.6711499999999995E-4,0.2776,0.4337480000000001,22.857999999999997,-4.487400000000001,1.4989378,-1.0761432599999998,0.9402228000000002,1.1722499999999996,-1.7973679999999999,-3.4245579999999993,-0.09778780000000005,0.04225084000000002,-1.9285759999999996,-1.1722797399999998,0,0,1,0
0.05304620000000002,3.7706260000000006E-5,0.2164,0.338124,24.287799999999997,-1.5384220000000008,-0.42795720000000004,-4.65786,-2.258582,-0.34402314000000006,-2.87936,-3.7637000000000005,0.2963252,2.2199486,-0.4171424,-0.9069260000000001,0,0,1,0
0.07882740000000005,1.5613792E-4,0.2826,0.4415579999999999,22.8292,-3.5741439999999987,-0.29899439999999994,-1.7443844399999995,-1.1045197999999996,1.9685659999999998,-0.4900839999999998,-5.160558000000001,-3.0931080000000004,2.06629044,0.3346821999999999,-3.3841067999999996,0,0,1,0
0.055703399999999986,9.518801999999996E-5,0.2346,0.3665620000000001,24.247400000000003,-4.52748,0.08461180000000004,-1.5419360000000004,-2.1119899999999996,-1.8214485999999999,-0.37888120000000003,-0.5298605999999999,-2.292480499999999,-0.09370520000000009,0.9589395199999999,-3.308196000000001,0,0,1,0
0.06312500000000001,3.101014E-4,0.2532,0.39562400000000003,23.080800000000004,-4.0736740000000005,0.09736053999999977,-0.4564974000000001,0.4934784400000001,-0.787218,2.37254,0.06943540000000006,-0.7144881199999997,-0.94827492,-1.031746134,-1.9842464000000004,0,0,1,0
0.060936199999999975,2.617722E-4,0.2928,0.4574959999999999,22.4118,-4.92524,0.020061800000000036,-3.7266200000000005,-1.4568436000000002,-3.2453200000000004,1.2570164,0.46290519999999996,2.726412,-1.2256269999999996,-1.8932980000000004,-2.0741099999999997,0,0,1,0
0.06952980000000004,8.290635999999996E-4,0.29760000000000003,0.46499600000000013,19.780199999999994,-3.344103999999999,-3.07511262,-2.8228772999999996,-1.1347364,0.5208520000000003,-0.7554346000000001,0.7712786000000006,-2.529883999999999,-3.128102,-0.8389609999999997,0.6932830000000001,0,0,1,0
0.07507819999999998,3.4894900000000014E-4,0.315,0.49218399999999995,22.613800000000012,-5.50166,-4.70492,-6.509919999999998,-2.0414580000000004,-1.0064372,0.5222752000000003,-1.4628204400000002,-2.51936516,-2.3133424,2.759644,0.9736880000000006,0,0,1,0
0.07015520000000003,4.2094879999999993E-4,0.2634,0.411566,22.520800000000005,-2.6361646000000003,-2.7403240000000006,-2.3372439999999997,-0.6992908,0.9040872000000002,0.8403965999999998,-0.3895422,-3.9555319999999994,-3.2917599999999987,-0.592214,1.217837999999999,0,0,1,0
0.0749226,2.1563840000000004E-4,0.31980000000000003,0.4996859999999999,22.8102,-5.787399999999999,-4.594799999999999,-4.71632,-0.7608515999999999,0.5052442,2.0310889999999997,-1.07769156,-2.2799549999999997,-2.787283999999999,-0.6866728000000003,-1.0297021400000002,0,0,1,0
0.061642799999999914,1.0403740000000003E-4,0.2596,0.40562000000000004,23.996399999999998,-4.983424,-0.4252991999999999,-1.3652860000000004,-0.5069979999999998,-1.6236759999999995,-0.8374132,-0.689189,-2.0229956000000002,-1.8445862,0.6101802000000001,0.1963066,0,0,1,0
0.05492279999999998,1.747968E-4,0.2304,0.35999799999999993,27.315199999999994,-4.495526000000002,-1.4581104000000005,-0.9175992,-2.1735653999999998,-2.7306239999999997,-1.0526272,-0.03942942000000001,-0.6777806000000003,-0.8491192000000001,-0.6646234400000001,-0.29620339999999995,0,0,1,0
0.06156259999999999,3.8435331999999995E-4,0.2518,0.393436,26.377000000000002,-2.447234000000001,-2.0572261999999997,-1.4632533800000003,-2.1882715999999998,-1.092892,-0.5201719999999999,-0.17367574000000002,-0.18547379999999997,-1.8354720000000007,-1.75127982,0.5564950000000002,0,0,1,0
0.05539119999999999,1.0984878000000004E-4,0.24760000000000001,0.38686400000000004,24.63180000000001,-0.7667097999999999,-1.2642568000000005,-4.46842,-6.24646,-3.193768,-0.20937340000000002,0.15527819999999987,2.8157440000000005,-0.05903460000000004,-2.0180219999999998,0.5795501599999998,0,0,1,0
0.06304939999999999,3.638274E-5,0.258,0.4031220000000001,22.007399999999997,-3.6096700000000004,-3.7472360000000005,-1.6410064,-4.022399999999999,-1.575334,0.8860427999999999,1.4550289999999995,1.61315,0.88343506,0.016961799999999982,1.0102018,0,0,1,0
0.0471114,3.216048000000001E-5,0.1788,0.27936200000000005,28.977600000000006,0.3447553999999999,-4.32298,-0.6063817,-0.38056340000000005,-0.8491031999999998,-1.889946,-2.5299859999999996,-1.862947999999999,-0.4264982000000001,-0.08127933999999998,-0.49439010000000005,0,0,1,0
0.046486599999999975,5.70456E-6,0.1816,0.28374400000000016,23.1604,1.6884163999999995,-2.663174,0.7918509999999997,-1.8512880000000005,-2.14837,-0.7131756000000001,-1.3436794,-1.4958706000000002,0.37091419999999997,-0.5150649999999996,-1.34834006,0,0,1,0
0.04265560000000002,9.1442986E-5,0.16899999999999998,0.264066,26.01140000000001,2.8070999999999993,1.4989569200000004,0.3869944,-2.535678,-1.2477402000000002,0.13116860000000008,-3.6083100000000004,-4.455659999999999,0.09939139999999971,0.319018,-1.1517852959999997,0,0,1,0
0.04296820000000001,3.9524159999999994E-5,0.19579999999999997,0.3059419999999999,25.974800000000005,-3.9340711000000006,-0.66641766,-0.7427309599999999,-3.5122640000000005,-3.796238000000001,-4.78928,-1.9829394,-1.3429298,-3.4493460000000002,-2.4169346,0.01252679999999998,0,0,1,0
0.0444546,7.150919999999998E-5,0.17079999999999998,0.26688599999999985,29.57439999999999,0.1622305999999999,-1.806011,-0.11961491999999993,-0.46140479999999995,-0.985408,-2.0057196000000004,-1.9442815999999998,-0.7031286,-0.18930839999999996,-1.017374,-0.8796456,0,0,1,0
0.061562399999999975,1.6346560000000002E-4,0.23379999999999998,0.365316,27.457399999999993,-2.2904980000000004,-0.6468647600000001,-1.48825,-1.4566614000000004,-0.51040226,0.33512560000000013,-0.11254799999999998,-2.620658,-2.9120839999999997,0.5452894999999999,-0.44189679999999987,0,0,1,0
0.047344000000000046,4.411460000000001E-5,0.1726,0.26969399999999993,26.68139999999999,2.6257312,1.0199922,-0.022736599999999992,-1.5429490000000001,0.14324699999999974,0.6786997800000001,-2.674704,-2.4890858000000002,-0.09520799999999997,0.16542078,-0.39691199999999993,0,0,1,0
0.05773340000000001,5.957226000000002E-5,0.21059999999999998,0.32906199999999997,26.402600000000003,-2.9723200000000003,-2.2307699999999997,0.363024,-3.0432500000000005,-1.2525270000000002,-0.9003036000000002,-3.217844,-2.5856425399999994,-1.9713019999999994,-2.4401736,-0.5059993999999999,0,0,1,0
0.05163980000000002,3.773548E-5,0.19519999999999998,0.30500999999999995,27.256200000000003,1.3288897800000001,-3.1598716000000007,-0.13325797999999994,-1.226965,-0.5031656000000002,-1.3607356000000002,-1.1752594599999997,-0.8654629,-1.3165695999999993,-1.8960880000000002,-0.267934,0,0,1,0
0.05148659999999999,1.0533404000000003E-4,0.17600000000000002,0.27500800000000003,30.863199999999996,0.17740199999999995,-3.1743499999999996,-0.035108000000000056,-0.3911016,-0.8202459999999999,-0.8505377999999996,-1.5639208199999997,-1.2093119999999997,-0.6311471999999998,-1.1345553999999998,-1.6313559999999996,0,0,1,0
0.0489872,5.4853600000000027E-5,0.1784,0.27874999999999994,27.910399999999992,0.5920953999999998,-2.0015380000000005,1.3392055999999999,-0.8967166,-0.9172722,0.13373812000000002,-0.32380039999999993,-0.8006023999999998,-0.3278258000000001,-0.5068072,-0.9643749999999999,0,0,1,0
0.0538276,7.119504000000001E-5,0.1996,0.31187000000000004,25.874999999999996,0.9923399999999998,0.24611599999999967,0.5375724000000001,-1.2445619999999997,-0.661458,-0.09166600000000011,-4.312639999999999,-4.278303999999999,0.1741304,-0.2793178000000001,-2.122934,0,0,1,0
0.0819632,9.092241999999997E-5,0.2954,0.46156,22.459199999999996,-3.4400999999999993,-2.7126959999999998,0.6083542,1.3092630000000005,-0.0951548,-4.043899999999999,-5.62634,0.02581380000000015,-0.7402345999999999,-4.681406000000001,-0.7338469999999999,0,0,1,0
0.0796896,2.3478879999999996E-4,0.26539999999999997,0.41469599999999995,28.864400000000014,-3.7386939999999997,-1.5210058000000002,-0.8013526,1.1654879999999999,1.1060596,-1.949046,-4.68612,0.3014556,1.8489389999999994,-1.9760882000000004,-2.8985280000000007,0,0,1,0
0.07077940000000005,1.9707606000000005E-4,0.3084,0.48186999999999985,23.919800000000006,-3.703394000000001,-2.3082249999999997,-1.0327628000000002,-0.05810600000000008,2.8476574000000006,0.6823728,-1.7671440000000012,-1.3435359999999996,-0.2448579999999999,-1.7649547999999995,-0.09928199999999983,0,0,1,0
0.05992080000000003,1.7850140000000005E-4,0.2382,0.37218,23.619599999999995,-1.3731235999999998,-0.06818040000000036,-1.4554486000000002,-1.3642480000000003,-1.32345876,1.2705928000000006,0.5734142000000003,-3.305432,-3.450296,-2.8500599999999996,-1.4846452799999992,0,0,1,0
0.0724992,1.9809172E-4,0.35,0.5468759999999997,19.8902,-5.065999999999999,-2.2945759999999997,-2.2111398,-1.4152351599999997,1.515736,1.4840252,0.3706298000000001,-2.703648,-6.176077999999999,-2.3062420000000006,2.3210699999999997,0,0,1,0
0.05906259999999997,1.568834E-4,0.2576,0.4025,28.9388,-1.41857258,-1.7592164000000008,-4.221639999999999,-0.4247736,-0.7553643999999998,0.199577,-1.6040379999999999,1.1670359999999997,-0.7544087999999999,-2.095489000000001,-1.6174052600000002,0,0,1,0
0.05257959999999996,5.802392E-5,0.207,0.32344200000000006,28.286000000000005,-2.3111500000000005,-0.3689416000000001,-0.6353039999999998,-1.72415084,-0.7271027200000004,-0.3475150199999999,-0.37588205999999985,-0.45905880000000004,-1.3895502,-0.3273948000000001,-1.0299267999999997,0,0,1,0
0.06523740000000001,6.3680212E-4,0.2834,0.442818,19.4812,-3.3580652000000004,2.9671960000000017,-1.3518838,-1.40356,-4.45852,-1.6873319999999996,-0.6228169999999998,-3.0546140000000004,-0.74638302,2.2529428,0.0555633,0,0,1,0
0.0650768,9.085019999999996E-5,0.2738,0.42781600000000003,19.798199999999994,-7.019459999999998,-1.9749246000000003,-4.66678,-2.409633,-5.275,-3.993919999999999,-1.2397599999999998,-0.5350440000000002,-3.1422599999999985,-0.16569800000000026,0.640657,0,0,1,0
0.05828260000000003,5.776694E-4,0.23620000000000002,0.369068,26.804600000000004,-4.1757572,-0.41024199999999994,-1.0365992,-0.4270376000000001,-2.1125206000000003,-1.49966624,-0.8988821999999999,-1.4260737999999997,-1.3842623999999994,0.41317948,-0.31836363999999995,0,0,1,0
0.05992219999999996,1.5617819999999997E-4,0.2664,0.416244,22.7956,-4.584205999999999,1.033038,-3.842856,-0.4866049999999999,-1.789662,-0.2443106,-0.5168200599999999,-1.4113272000000003,-0.5213037799999999,-0.21738892000000015,-0.8063986000000004,0,0,1,0
0.04679600000000002,1.408974E-4,0.1928,0.30125199999999996,26.3888,-3.0731273999999997,3.3850718000000004,1.0823226000000001,-2.5894779999999997,-3.108860000000001,0.079144,-1.6777007999999998,-4.4492798,-0.38732619999999995,1.3151456000000001,-0.7117662000000001,0,0,1,0
0.04156100000000004,2.7420439999999995E-5,0.193,0.3015699999999999,24.4104,-3.3702291999999994,-0.8239460000000003,0.31963100000000005,-3.0143000000000004,-4.930078,-3.0298140000000005,-1.201732,-2.79237,-2.3438420000000004,-0.8244654000000001,0.11111739999999994,0,0,1,0
0.0445308,8.802041999999999E-5,0.171,0.26719799999999994,29.347599999999993,0.19574599999999975,-2.1280759999999996,-0.1118849,-0.41555959999999986,-1.52824,-1.9490619999999996,-2.1187586,-1.5006616000000002,-0.46173344,-0.391449,-0.7051524599999999,0,0,1,0
0.04984739999999998,6.507065999999999E-5,0.19640000000000002,0.30687799999999993,27.781999999999993,-0.3502518,-0.713766408,0.1376141999999999,-1.1718374,-1.5796123999999998,-0.6088510000000003,-0.21490900000000004,-3.122212000000001,-1.6868379999999996,0.8332499400000001,-0.7378526999999999,0,0,1,0
0.045234800000000026,1.0475462E-4,0.17420000000000002,0.27218600000000004,26.3622,2.4949060000000007,1.2684721999999995,0.7598091999999999,-1.90153,-0.6660732,0.2868044600000001,-3.2537769999999995,-4.025590400000001,0.7017317999999999,0.26492980000000005,-1.7104968000000003,0,0,1,0
0.08133420000000001,9.137639999999996E-5,0.2912,0.4550060000000001,23.467800000000008,-5.7113,-3.188401999999999,-0.05001663999999999,0.2025382000000002,-0.7590024,-3.7663600000000006,-4.6306400000000005,-1.0970499599999999,-1.7102439999999999,-3.0613840000000003,-0.20767029,0,0,1,0
0.09266279999999996,1.7634102000000003E-4,0.3032,0.4737480000000001,26.535000000000004,-3.2038541999999994,-2.49615,-0.22399919999999995,1.5749781999999999,1.0914694799999998,-2.9742987799999994,-5.00734,1.1039420000000004,1.731398,-3.0437779999999997,-1.9405629999999996,0,0,1,0
0.07421720000000004,2.074066799999999E-4,0.3222,0.503442,22.7278,-3.997065599999999,-2.7081519999999997,-1.6977963999999994,-0.7489358,3.148872000000001,0.5489239999999999,-1.9563777999999998,-1.5968923999999998,-0.06280979999999994,-1.3935534000000005,-0.2181420000000002,0,0,1,0
0.06288960000000002,3.2170279999999994E-4,0.2666,0.41656,22.29939999999999,-0.816898,0.007038879999999921,-1.5502912,-1.7032108,-1.3103872,1.5525650000000002,0.9342399999999996,-2.743724,-4.052994000000001,-2.807878000000001,-1.5019339999999994,0,0,1,0
0.071094,1.4577024000000003E-4,0.31079999999999997,0.4856339999999998,21.0688,-4.3927,-2.5896968279999997,-2.9762258000000004,-1.5770220000000001,-0.01434260000000001,-1.236125,-1.3104904000000004,-3.908239999999999,-6.333499999999999,-2.815738,2.2515840000000007,0,0,1,0
0.05992179999999994,2.638114E-4,0.25980000000000003,0.40592999999999996,25.990799999999993,-0.3925700000000004,-1.7042517999999998,-4.329122000000002,-0.6519238000000006,-0.9820740000000001,1.3927474979999996,-1.5738159999999999,1.652256,-1.8793992599999998,-2.243828000000001,-1.3932216000000006,0,0,1,0
0.055704999999999935,1.0424579999999999E-4,0.209,0.32656599999999997,27.777400000000004,-2.0124765999999994,-0.3485066,-1.0097468000000003,-1.0742236000000003,-0.3849308000000001,0.05332423999999994,-1.6244451999999998,-0.943966,-1.4345809999999997,-0.7037701,-1.1481743999999998,0,0,1,0
0.06132740000000004,1.11704E-4,0.2498,0.39031,25.104600000000005,-1.3202676000000004,-2.1038064,-0.9438295999999999,-0.9313747000000001,0.8371964000000002,0.8345244000000003,-0.9678314000000001,-4.495804400000001,-3.235452000000001,0.7524828400000001,-0.21422599999999994,0,0,1,0
0.06648260000000006,2.206516000000001E-5,0.2968,0.4637420000000002,22.9896,-2.1339369999999995,-3.9743460000000006,-2.500612,-2.5873340000000007,-0.8103655999999998,1.170598,0.5538698,-3.275999999999999,-3.756039999999999,-0.7508251999999997,-0.76569587,0,0,1,0
0.0507024,7.095494E-5,0.1868,0.291876,23.45960000000001,-1.7681426,-0.43353880000000017,2.4430099800000002,1.3906694000000002,1.2015760000000006,0.9156796600000002,-3.252967800000001,-2.570772,2.021365999999999,1.2707819999999996,-1.3286104,0,0,1,0
0.04656459999999998,3.170458E-5,0.2122,0.331552,26.780999999999985,-2.078228,0.08680880000000007,2.088836000000001,-1.176808,-2.9888480000000004,-1.7450359999999998,-0.20920720000000004,-1.2748026000000003,0.147834,1.3140272,0.1429865999999999,0,0,1,0
0.04851639999999996,2.8462718E-4,0.22719999999999999,0.35499200000000003,25.526600000000002,-4.716528,0.2542879999999999,-2.2967679999999997,-1.1235252,-3.3041,-4.350364000000001,-1.1804392,-1.7219719999999998,0.6614900000000001,1.7891966000000001,1.217812,0,0,1,0
0.050235600000000026,6.004984E-5,0.21239999999999998,0.33187800000000006,26.184200000000004,-2.9470000000000005,-0.7766432000000001,-2.2579827999999993,-2.5769811999999996,-2.7457140000000004,-3.6979859999999998,-0.13241351999999995,0.5893126,-0.7259302000000001,-0.8053674399999999,-0.3213113999999998,0,0,1,0
0.045156999999999975,6.728494000000001E-5,0.1794,0.280312,27.188399999999998,-1.6112076000000002,-1.5377832,-1.6312664000000003,-1.0466160000000004,-2.2112249999999998,-2.998792,-1.0253039999999998,-1.0325440000000001,-0.5275284000000002,0.12825879999999995,-0.3113840000000001,0,0,1,0
0.04570419999999998,3.431166E-5,0.19,0.296876,26.443399999999997,-0.4085419999999999,-1.8579878000000003,-1.248844,-1.9831142000000002,-2.89388,-3.7842999999999996,-1.9901875999999998,0.09474326,0.015711400000000084,-0.37040686,0.06871520000000002,0,0,1,0
0.04445300000000001,6.717829999999998E-5,0.155,0.24219600000000002,28.602599999999992,2.984254000000001,-3.1002980000000004,-0.7283946,-0.09668466000000013,-0.8300520000000001,-1.9152520000000004,-2.031306,-0.4989554000000004,-0.07080299999999995,-1.3294994000000002,-1.2341214,0,0,1,0
0.04609360000000003,4.8076180000000004E-5,0.2036,0.31812399999999996,28.581199999999985,0.6582019999999998,-2.7652720000000004,0.6319339999999998,-0.4339440000000001,-2.017705,-2.5423206000000005,-2.0285054000000007,-0.42905840000000006,-0.27508010000000005,-0.6185009999999999,0.40411899999999995,0,0,1,0
0.05531079999999999,3.7935854E-4,0.259,0.4046880000000001,24.772999999999996,-0.7078654,-2.3655,-3.9761339999999996,-1.2123188000000003,-1.3088996,1.5648099999999996,-1.2021644,1.4819620000000002,0.11391159999999986,-1.5526596799999999,-1.7240289999999996,0,0,1,0
0.06296939999999998,3.635606E-4,0.2948,0.4606060000000003,21.4142,-2.5058850000000006,-2.3801172,-4.7174,-2.415646,-1.1812858,-0.27930900000000014,-0.25972449999999997,0.5029716000000001,-2.4627008000000004,-1.796824,1.7460333399999997,0,0,1,0
0.06664239999999999,5.038707999999999E-4,0.2738,0.42781199999999986,25.257999999999996,-2.9523978,-0.9974687999999997,-2.326876,-1.1166656000000001,0.6121335999999999,-0.5295890400000001,-2.5216892,-1.3972594000000003,-1.5411072,0.8660198000000002,-0.11787900000000008,0,0,1,0
0.0639846,3.222994E-4,0.2802,0.4378119999999999,25.462000000000003,-3.658824,-1.2608939999999997,-4.51714,-3.70922,-0.04740000000000004,0.34894379999999997,-0.4899742000000002,0.6465360000000001,-1.58849,0.13728739999999995,0.9827274000000004,0,0,1,0
0.06648639999999995,4.6661159999999996E-4,0.2812,0.43936799999999987,25.082800000000002,-1.8638573999999997,-1.3095630000000003,-3.066651999999999,-2.1897755999999995,2.221226,-0.22226699999999988,-1.3371709999999999,-1.0648080000000002,-3.2183419999999994,-0.41847100000000004,1.7316918,0,0,1,0
0.06343959999999997,4.846539999999996E-4,0.2944,0.4600080000000001,24.013200000000005,-2.6936400000000003,-1.0609359999999994,-3.437568,-3.7319340000000008,-1.7175641999999995,0.7243401999999999,0.9518800000000001,2.0345219999999995,-2.9997419999999995,-1.9324959999999998,1.7215072000000007,0,0,1,0
0.06695439999999996,1.5259428E-4,0.2776,0.43374600000000013,24.4742,-0.5664925999999998,-1.2322995999999997,-3.097036000000001,-1.6486020000000006,2.45992,0.07838299999999988,-1.7509848,-0.6899346000000003,-3.0063060000000004,0.03917839999999995,1.7632499,0,0,1,0
0.05539259999999998,2.1010120000000001E-4,0.2052,0.320632,29.00299999999999,-3.1413120000000014,-0.48545379999999994,-0.9136368000000001,-0.9214144000000002,0.49393496000000003,-1.181814,-0.7787388,0.24294228000000004,-0.7206736600000001,-0.42631119999999995,1.0100685999999999,0,0,1,0
0.05125199999999996,9.067839999999999E-5,0.19760000000000003,0.308746,28.8878,-0.554046,-2.2142482000000006,-0.3083159999999999,-1.1951752,0.30929400000000007,-0.8845641999999998,-2.0958097999999987,-0.8003670400000001,0.1610748000000001,-0.3402324000000001,0.09201039999999983,0,0,1,0
0.0555484,2.472134E-4,0.2348,0.366874,28.337,-2.0738868,-1.4691413560000004,-0.9952048000000002,-1.7960933999999995,0.1759179999999999,-0.5857054000000003,-1.349672,-0.007419800000000021,-0.6430261999999999,-0.9818511999999996,-0.08228920000000002,0,0,1,0
0.07312599999999995,9.983030000000003E-4,0.3392,0.5300120000000001,22.783399999999997,-2.456044,-0.8929019999999994,-2.093874600000001,0.08220459999999999,3.4537600000000004,1.6106441999999992,-1.6667808000000002,-1.90707,-2.2447274,0.7221618000000002,1.31340678,0,0,1,0
0.0805504,0.0013193168,0.3444,0.5381140000000001,21.425600000000003,-2.8503360000000004,-0.9359458000000003,-1.5777310000000002,-0.5963198000000001,1.3481076,-1.1422576,-3.8556060000000008,-2.1776122,2.2328619999999995,0.28230520000000003,-3.3134240000000004,0,0,1,0
0.08532979999999996,2.694173999999999E-4,0.3624,0.5662599999999999,22.799899999999997,-3.995310000000001,-0.21663180000000004,-0.027442380000000002,2.3463633999999995,1.836215999999999,-3.285616,-5.21778,1.0985078000000001,2.852806999999999,-2.8770640000000016,-1.9201780000000006,0,0,1,0
0.062268800000000006,3.107838E-4,0.2782,0.43468999999999997,24.801599999999997,-2.0823240000000003,-2.07194928,0.2687067999999999,-2.0050164000000006,-1.2146827800000002,-1.3578474,-1.6664911999999998,1.0967140000000004,-2.1650602000000005,-3.6635159999999996,0.2458642,0,0,1,0
0.07375079999999998,3.431771999999998E-4,0.32520000000000004,0.508124,23.7966,-4.256892,-1.3819461800000001,-2.4921497599999998,-0.8559931999999998,1.6856080000000002,1.3284804,-2.6608979999999995,-1.3622817999999999,-2.3072982000000004,-1.1060906,1.287928,0,0,1,0
0.06421919999999999,3.4093420000000005E-4,0.25579999999999997,0.3996939999999998,27.302000000000003,-4.594819999999999,-0.9504233200000002,-3.4439519999999995,-2.5133196000000004,0.51246634,-0.7786156000000001,-1.67129,-0.1307111999999999,-0.6042899999999997,1.4617883999999999,0.6009527999999998,0,0,1,0
0.06515660000000001,2.0338306000000007E-4,0.2662,0.41593599999999986,24.804199999999994,-3.5431399999999984,0.42184764,-3.2051179999999984,-0.7167987999999998,1.4788452,0.8719629600000002,0.708262,1.1897449999999996,-1.9933918,-0.11978280000000004,0.6783888,0,0,1,0
0.060391999999999994,1.60602E-4,0.20739999999999997,0.32405999999999996,29.093599999999988,-3.074004000000001,-0.5622044799999998,-1.7755713999999998,-1.312766,1.6411060760000007,-0.3929282,-2.0761480000000008,-0.5298014000000001,-0.9060666,-1.0174446000000006,0.1853888000000001,0,0,1,0
0.046250799999999995,7.692E-5,0.1932,0.301874,28.084400000000002,-1.5554080000000006,0.19856020000000027,0.44166948600000006,-0.4626285999999999,0.10993678000000001,-0.8805883999999999,-0.5782845999999998,-0.04314100000000001,-0.6596172,-1.05606442,0.38823897999999984,0,0,1,0
0.05328159999999998,1.0028020000000002E-4,0.1844,0.28812799999999994,29.632399999999993,0.4530602000000002,-2.616618,-0.6425126,-0.5557504999999999,0.6081383999999999,-0.5120454199999999,-1.390572,-1.2389576,-0.9522650000000001,-0.9863900000000004,0.3027561800000001,0,0,1,0
0.056954399999999995,1.6555299999999998E-4,0.2692,0.4206299999999999,27.42479999999999,0.03112539999999999,-2.1214881999999995,-1.2486279999999998,-0.70069346,1.0435578,-0.378814,-0.3560331599999998,-0.4796280000000001,-1.893992,-0.5707613999999999,1.6447899999999998,0,0,1,0
0.08649539999999996,2.3903454E-4,0.3328,0.5200079999999999,24.301,-2.7114589399999995,-0.4515786800000003,-1.195846,0.8153590000000003,2.8608513599999994,0.005429999999999824,-2.4489636000000004,0.5463895999999999,-0.7176000000000002,-1.6223944000000001,0.3691619999999998,0,0,1,0
0.0698464,1.0627312000000005E-4,0.2788,0.43562400000000007,25.135600000000004,-2.7854603999999994,-0.17010579999999997,-1.70655598,-2.0589960000000005,-1.1119290000000002,-1.9338800000000003,-3.775919999999999,0.8670643999999998,1.5841998000000004,-1.8879599999999994,-0.5262523999999998,0,0,1,0
0.06343620000000005,2.9228672E-4,0.2764,0.4318719999999999,23.6072,-2.1534302,-2.9554679999999998,-2.389379,-2.1251960000000008,-0.7174480000000001,-2.5545006000000003,-3.2933800000000004,-1.726445,1.7825938,-0.45605599999999996,-1.6883744800000002,0,0,1,0
0.06984320000000002,1.2054293999999997E-4,0.24780000000000002,0.38718600000000003,26.461800000000007,-3.8878199999999987,-2.288692,-1.4443652000000002,-0.40630819999999995,-0.49764660000000005,-0.4211345999999998,-3.1045400000000005,-2.5787268000000005,0.5367164,0.3675905999999998,-1.2446166000000003,0,0,1,0
0.05695299999999999,1.0857858E-4,0.2336,0.365004,26.923799999999996,-3.514124,-3.6929100000000004,-1.4174676000000006,-1.5373448000000003,-2.2043030000000003,-1.6824209799999996,-1.9733779999999999,-0.6639978000000001,-0.19698519999999992,-1.9317211999999995,-1.6416689999999994,0,0,1,0
0.06203279999999997,3.0659684E-4,0.2544,0.3974960000000001,24.18680000000001,-2.3412116000000007,-1.6862727999999994,-2.2821077,-1.616648,-1.3646737999999996,-0.37778419999999996,0.5602455200000002,-0.08232640000000008,-3.1469379999999996,-3.1697520000000003,0.12236220000000006,0,0,1,0
0.0841394,3.557731999999999E-4,0.37479999999999997,0.5856200000000003,21.368999999999996,-6.136539999999999,-2.840926400000001,-1.6276932000000004,-0.1264477999999999,1.3124076000000002,0.281633,-4.5874999999999995,-2.7414129999999997,-0.09136799999999991,-0.18554,-1.4947236000000002,0,0,1,0
0.06375,1.6068138000000003E-4,0.25780000000000003,0.40281399999999984,25.129800000000003,-3.9484600000000016,-3.2067156000000008,-3.1537100000000002,-1.9544674000000004,1.257678,1.0495136,-2.3392762,-2.8444072000000005,-1.9051167999999996,1.5152839999999994,0.15381699999999981,0,0,1,0
0.0783596,2.102669E-4,0.3398,0.5309200000000001,20.148999999999997,-5.1028,-4.712834,-4.158888,-4.097658000000001,0.43046479999999976,1.1201008000000001,-1.2014140000000004,-0.9424574,-4.2783240000000005,-1.9757040000000006,3.2935280000000007,0,0,1,0
0.0696098,3.0653380000000006E-4,0.2926,0.457184,23.483399999999996,-4.707139999999999,-2.07179,-1.049513,0.7125395999999998,1.2393999999999998,-0.047326999999999814,-3.6493800000000003,-3.5738519999999987,-1.5700837999999997,1.9601877999999997,-0.4199260000000002,0,0,1,0
0.07007820000000001,2.0244140000000004E-4,0.3078,0.4809320000000002,25.18319999999999,-3.6826999999999996,-4.463159999999999,-5.258859999999999,-3.4763279999999996,1.4623280000000003,1.5331096,-1.9255900000000006,-1.5210751999999998,-3.0602734000000003,-0.5862874,-0.024308580000000093,0,0,1,0
0.06383059999999995,1.8277343999999998E-4,0.2986,0.466554,21.191799999999994,-4.608128000000001,-2.5822559999999997,-2.16139864,-2.6645769999999995,-0.48476454000000013,0.033277399999999596,-1.1613974800000002,-2.225168,-3.82418,-2.5279369999999997,1.1797925999999999,0,0,1,0
0.05055100000000001,1.34735E-4,0.23260000000000003,0.36343800000000004,24.497799999999998,-2.705648,0.7914857999999999,-0.4188336000000001,-0.3476095999999999,-2.8823386599999994,-2.5282568000000003,-1.0122798000000004,-2.6397354000000006,0.9445109999999995,0.04637499999999983,0.5002533999999995,0,0,1,0
0.04859640000000001,1.5330889999999998E-4,0.22399999999999998,0.350006,27.159000000000006,-1.3653426000000002,-1.6917824,-1.5647957999999997,-2.3875468,-3.6123928000000003,-1.8596933999999998,-0.3555188000000002,-1.4517978000000002,0.06839734000000006,0.49120240000000004,0.625303,0,0,1,0
0.04781499999999998,1.0373925999999998E-4,0.2198,0.34344799999999986,25.469000000000005,-0.8590918000000002,-1.9286134000000006,0.40053300000000003,-1.9093377999999996,-2.1795350000000004,-1.2224327999999998,0.8417117999999998,0.317237,0.5220343999999999,1.2054983999999995,2.0695219999999996,0,0,1,0
0.05906299999999997,4.958822200000002E-4,0.257,0.4015500000000001,26.4626,-3.3749300000000004,-2.311122,-4.257884000000002,-3.264898000000001,-2.2552494,0.7109910000000003,-0.13685380000000008,1.7699759999999998,-0.4780769999999998,-0.9882080000000001,-0.2931009999999999,0,0,1,0
0.05867239999999997,1.87694E-5,0.2594,0.40531,21.746800000000004,-5.486280000000001,-3.046062,-1.9134099999999996,-4.5605199999999995,-2.484528,0.07701817999999992,0.11669860000000012,2.0504238,1.2420052000000004,-0.4166478,0.3922004000000001,0,0,1,0
0.05797019999999997,7.304679999999998E-6,0.25980000000000003,0.40593599999999996,21.224799999999995,-3.8393279999999983,-5.804579999999999,-0.9974681999999998,-2.94332,-3.184600000000001,-0.8282948000000002,-0.5495420000000001,1.2916074,2.303744799999999,0.7278687999999994,0.2598803999999999,0,0,1,0
0.05586059999999995,2.9024209999999994E-4,0.2318,0.36219000000000007,29.73,-1.631507760000001,-3.159012,-2.0017199999999997,-2.4149362,-2.6190560000000005,0.22353569999999998,-0.3026188000000001,-1.0222167199999999,-0.5290614,0.052926999999999946,-0.7458763999999999,0,0,1,0
0.04890959999999999,2.4958940000000005E-5,0.20579999999999998,0.32155999999999996,26.608000000000008,-1.0745172,-3.9359200000000016,0.20800000000000005,-1.3656460000000001,-2.767528,-3.351354,-2.261738,-0.6406254000000002,0.035133519999999974,-0.43156204000000004,-0.7660497999999998,0,0,1,0
0.05336139999999996,2.1638319999999997E-5,0.222,0.3468800000000001,26.54719999999999,1.6320252,-6.093599999999997,-1.9134759999999997,-1.4163354000000001,-2.581033400000001,-2.9663819999999994,-1.1517028000000002,0.7363334,0.32869179999999987,-1.2168828,-1.0026105600000002,0,0,1,0
0.0546024444444444,9.018599999999999E-6,0.21622222222222223,0.33785000000000004,24.35333333333334,3.3162755555555554,-4.919533333333334,-0.7337571111111113,0.04135066666666668,-0.5270637777777779,-0.5010618222222222,-0.024702666666666664,0.14290844444444442,-0.01055639999999993,-0.8564413333333328,-0.20409982222222214,0,0,1,0
