2.9043189999999983,0.1636474999999996,4.3203472600666636E-5,1.8010899999999999,7.496717633333338E-4,0.029222152366666657,6.476999999999999,2.7894820000000005,10.007233000000001,-5.458618666666665,4.402839,-1.7557578000000011,1.096836950000001,-3.014636599999999,1.9262575333333347,-1.4130800233333347,2.9744835000000003,-1.8016057999999995,1.4204877233333328,-1.7995397999999996,-0.8194328333333333,0.7159524333333337,-0.04154794100000002,-0.01052777,-0.29953048999999976,0.12581999333333332,0.012926859999999998,-0.1416356266666668,0.029715731500000005,0.0,0,0,1,0
1.2450839999999996,0.09529513333333339,1.7558593333333327E-4,1.8775233333333332,0.0014498896666666659,0.05533023333333336,3.4770000000000003,1.4974529999999997,11.766099999999996,-8.184886666666666,5.7198535333333345,-2.6996795299999996,1.0424530000000005,-3.0758222333333345,2.7341022999999987,-1.3509754533333336,4.563413333333334,-1.1232656666666665,2.1454617933333346,-1.7984634366666672,-0.9724119999999992,0.746679666666667,-0.03256233133333331,0.0174463273,-0.39205066666666694,0.15833154000000008,-0.023041362666666662,-0.15960522666666668,0.00599267906666666,0.0,0,0,1,0
1.3025693333333332,0.0952966,1.3990046666666667E-4,1.8586333333333334,0.0016517539999999996,0.06452273333333335,3.575333333333333,1.53978,12.742720000000007,-8.957293333333325,6.935373333333334,-5.524984200000002,1.8747782999999996,-5.251226899999995,4.671588999999998,-1.8713701466666668,6.013997666666667,-2.6382284333333312,3.3801753333333346,-2.355110099999999,-0.9716180000000004,0.7093710000000003,-0.0010258826666666694,0.06127451066666668,-0.40737099999999987,0.2357155990000002,-0.026111409999999998,-0.15930466666666668,-0.010697907666666666,0.0,0,0,1,0
1.1265856666666678,0.08134320000000002,2.8954150000000005E-4,1.8698599999999999,0.0024451499999999992,0.09489483333333328,3.0623333333333336,1.3188763333333327,13.95882333333333,-6.69625666666667,6.790272333333335,-4.652694333333333,1.5708278,-3.625865456666667,2.791683466666667,-2.219055996666669,3.595399900000001,-3.3707841700000016,0.7081523099999999,-2.6169207,-0.9764186666666675,0.7225783333333333,-0.03777552600000001,-0.017322804903333325,-0.3802200000000003,0.16974371499999996,0.005215233333333328,-0.12382347333333328,0.04155251699999999,0.0,0,0,1,0
0.763353,0.0525929333333334,4.2072706666666684E-4,1.8912833333333332,0.0030865866666666664,0.1167744666666667,2.301333333333333,0.9911583333333324,15.881496666666678,-5.692511666666667,6.8491866666666725,-2.802895533333333,0.7436007000000001,-3.4799481999999973,1.6716554000000003,-2.6429865666666656,3.096665056666667,-1.4996541666666672,2.9951309833333326,-1.2499579133333332,-0.9862773333333337,0.691499666666666,0.03547884666666668,0.02286154266666668,-0.31296688333333345,0.10301682733333334,0.024845976666666672,-0.13910903666666677,0.028476059666666654,0.0,0,0,1,0
0.8535699999999997,0.05700733333333333,1.9127579999999998E-4,1.9027933333333333,0.002238157,0.08684363333333331,2.3489999999999998,1.0116869999999998,15.815063333333335,-6.264789666666668,5.936147999999998,-3.7760473866666673,0.2928665733333334,-3.9542367999999994,1.4522428733333337,-2.4066057276999997,2.7971919666666683,-2.301192333333333,2.5982257100000012,-0.928390890333333,-0.9857403333333336,0.7159426666666674,0.034428579333333334,0.005229608666666668,-0.29600578333333355,0.10887212246666661,0.028653998299999987,-0.09724245833333334,0.025603418333333326,0.0,0,0,1,0
0.7161593333333329,0.045104733333333404,1.443651666666667E-4,1.8683566666666667,0.0019156736666666666,0.0719771,2.044,0.8803186666666666,17.81286666666666,-6.379885,6.220173333333333,-4.284465893333334,2.1832157699999994,-4.031627633333333,3.478828766666664,-3.0679921333333313,3.1913189999999996,-4.632796666666668,1.8203817000000004,-1.2068493466666665,-0.9884990000000001,0.6876046666666671,0.07639210800000006,0.0276383849,-0.23980572000000008,0.06121018500000001,0.037188411999999955,-0.08379711499999999,0.03561181210000003,0.0,0,0,1,0
1.0476833333333346,0.07036516666666666,4.515119999999997E-4,1.85064,0.002915000000000002,0.11292686666666668,2.848666666666667,1.2268569999999999,15.728153333333339,-9.21507333333333,6.20055066666667,-6.312996000000003,1.4337638333333336,-6.453424666666666,3.9892629666666677,-3.353208926666666,4.659323,-5.3386084999999985,2.979208633333334,-1.9898248666666658,-0.9805266666666671,0.7253296666666662,-0.012474539000000002,0.044343388666666664,-0.3159893866666667,0.14199396633333336,0.019861543000000006,-0.12319221053333336,0.0416563608,0.0,0,0,1,0
0.9784319999999995,0.06338876666666667,3.122357666666667E-4,1.8987766666666666,0.002353685333333332,0.08987600000000005,2.59,1.1154646666666668,14.636933333333326,-7.274145666666662,5.011182199999998,-4.836021999999997,-0.5801281333333331,-4.8655221333333385,2.382043873333334,-2.219589089999999,3.934919166666666,-2.6624931000000016,2.822798233333332,-0.4273209399999998,-0.9825763333333333,0.7196563333333333,0.03397385966666668,0.029326638999999998,-0.29702719666666616,0.107788554,0.0349287933333333,-0.12228800799999995,0.04028974176666665,0.0,0,0,1,0
1.2186066666666664,0.08346203333333341,2.778157000000001E-4,1.8788466666666666,0.0020673680000000013,0.07828953333333336,3.165,1.3630836666666664,11.992763333333341,-6.6740172,5.0514870000000025,-3.2477701999999993,1.3532448000000008,-1.1154597833333335,4.066360066666666,-0.8714046500000001,4.540605866666665,-2.2458983999999993,0.14397035999999963,-2.7184665999999993,-0.975365333333333,0.7587703333333331,0.0013731449999999932,-0.0025317280000000044,-0.33513223333333314,0.1219039666666667,0.013756322333333341,-0.09759473666666672,0.04811648799999997,0.0,0,0,1,0
1.1581796666666662,0.0823336,5.613683333333337E-4,1.8579833333333333,0.0029165033333333336,0.11345689999999997,3.250333333333333,1.3998376666666663,11.876033333333337,-5.424574333333333,5.182637333333333,-3.4151660666666666,1.1777437333333338,-3.479662766666667,1.8287006823333323,-1.180546066666666,3.376587899999999,-1.8207092000000005,-0.30284409999999995,-3.6937448666666692,-0.9758020000000001,0.7010576666666661,-0.008084197000000005,0.04750472166666668,-0.37208293333333314,0.2172940983333334,0.01222304533333333,-0.13383252666666673,0.021454633666666667,0.0,0,0,1,0
0.9374339999999984,0.06475344666666676,3.563591333333333E-4,1.9453766666666668,0.002247642666666668,0.08488149999999996,2.698666666666667,1.1622636666666666,12.637046666666674,-5.349410333333333,4.097809999999997,-2.2900732000000015,0.18753289666666678,-2.5145014000000017,1.7177956000000005,-0.7481202966666668,2.910816740000001,-2.066709553333333,0.46693518666666656,-1.6436781,-0.9810866666666663,0.6772323333333332,0.024113633666666665,0.07952181233333336,-0.3147458000000001,0.14053784833333338,-0.019451291466666704,-0.08523263099999998,0.007279860003333333,0.0,0,0,1,0
1.110665,0.07684229999999996,1.9866190000000016E-4,1.87572,0.001739156333333333,0.06602836666666664,3.0989999999999998,1.3346796666666667,12.756790000000004,-6.532563999999997,6.196931033333332,-4.1905776333333336,1.6227126833333327,-3.306106666666666,3.98673343333333,-1.0994591799999998,5.0708080666666655,-2.231829000000001,1.4657601999999996,-2.6741661999999984,-0.9775503333333336,0.7304223333333334,7.827246666666688E-4,0.019032336666666653,-0.3731513066666665,0.20046721076666674,0.008051669666666667,-0.13668589666666664,0.02585164546666667,0.0,0,0,1,0
1.347603,0.09542963333333329,2.258568666666668E-4,1.8741833333333333,0.0018573266666666673,0.07268306666666663,3.618333333333333,1.5583073333333333,14.639223333333335,-9.445883333333335,6.916565666666661,-5.303690999999998,2.674245500000002,-5.026959333333333,4.1175148666666646,-2.8964204999999996,5.039159666666663,-4.708619999999999,1.271110066666666,-4.200543999999994,-0.971797333333333,0.7532269999999998,-0.03676791266666669,0.03734497333333333,-0.37611496666666666,0.1880101626666668,0.0025002780000000055,-0.13132300666666674,0.039338606666666665,0.0,0,0,1,0
1.1565746666666672,0.08374236666666675,4.187139333333334E-4,1.9021766666666666,0.0025648099999999994,0.09914360000000003,3.0953333333333335,1.3330823333333333,12.895759999999992,-7.226663333333337,5.419965800000002,-3.8008072666666664,-0.1420732333333332,-3.5017338666666644,2.733117923333334,-2.355961376666666,2.9626088,-3.155615833333334,0.831452906666667,-1.5371671366666662,-0.9768666666666671,0.731734666666667,-0.013116876666666676,0.02241965666666666,-0.35377000000000014,0.15402606199999996,-0.00409122933333334,-0.14237870666666663,0.045404404666666676,0.0,0,0,1,0
0.9551049999999994,0.06389570000000006,4.490689999999999E-4,1.88852,0.003176636666666666,0.12203816666666659,2.5913333333333335,1.1160436666666662,15.138803333333332,-6.560981333333336,5.689786799999996,-4.057322280000002,0.20744722000000004,-4.341012600000002,1.961299931333333,-1.9617798999999996,3.047670300000002,-2.108335500000001,1.6899994900000004,-2.2849845333333327,-0.9830466666666672,0.716464666666667,0.015921804333333324,0.013620558000000005,-0.30014069000000004,0.12560230266666658,0.02196149699999999,-0.09269762846666664,0.034189098433333336,0.0,0,0,1,0
0.9288223333333334,0.06182763333333329,3.7263093333333357E-4,1.9195433333333334,0.002555526666666667,0.09893710000000004,2.519,1.084865,14.998296666666672,-6.173573333333338,5.070283066666669,-4.008413666666673,-0.08637510333333336,-3.889526066666671,1.0268915566666672,-2.5485298733333352,2.2034514666666682,-2.1183227666666657,2.7131591000000013,-0.8620073699999995,-0.9838049999999993,0.7125990000000005,0.01660183066666664,0.012072425333333334,-0.31273766333333364,0.13706754299999985,0.03754376733333334,-0.11872367170666669,0.04205459300000001,0.0,0,0,1,0
0.7796390000000004,0.05025040000000008,2.0378096666666672E-4,1.89404,0.001841612333333334,0.06967646666666667,2.1393333333333335,0.9213663333333331,17.364066666666663,-5.664684166666669,5.2941302000000015,-3.7478163900000006,0.4277881463333333,-3.6020355866666667,1.9462956000000005,-1.876632056666666,2.303239766666666,-2.041292256666666,3.206022799999999,-0.8015519353333331,-0.9872309999999996,0.6970820000000001,0.06347112333333332,0.028974585666666663,-0.24865436246666653,0.11692976366666676,0.03853383800000005,-0.11254465533333334,0.02440689466666665,0.0,0,0,1,0
0.5232623333333332,0.03274776666666675,3.203456333333335E-4,1.82539,0.001988629000000001,0.0735215333333333,1.597,0.6877853333333332,19.71773333333333,-5.183160999999999,6.039396666666669,-3.1868027666666676,1.6225101666666668,-2.1772216733333325,3.2070736033333347,-2.4640551733333345,1.9425357000000008,-3.1453523333333333,2.240446633333334,-0.40307748666666676,-0.9927206666666657,0.6732689999999999,0.1355830899999999,0.015564234999999996,-0.18956591333333336,0.008235634166666667,0.024479837166666667,-0.05826445743333334,0.04565064399999998,0.0,0,0,1,0
0.7508380000000001,0.056489473333333276,6.344522999999999E-5,1.7983666666666667,8.733633333333331E-4,0.0326901,2.3726666666666665,1.021865,14.961866666666674,-4.8467917000000025,5.749397999999998,-2.2985445,2.0596147599999997,-2.4372122666666667,2.785762700000001,-1.2140380699999995,2.4415843000000015,-2.225837033333332,1.5869767166666684,-1.9116817233333336,-0.9851266666666662,0.6755533333333333,0.031941836666666654,0.005679717033333335,-0.29919466233333325,0.09071993666666668,0.010700439,-0.11410959666666667,0.00671287533333333,0.0,0,0,1,0
1.3939906666666677,0.10212153333333338,1.3474513333333328E-4,1.8655966666666666,0.0012589753333333347,0.048821933333333345,3.8163333333333336,1.6435683333333335,12.0343,-9.549493333333333,6.143442666666667,-5.317200999999995,1.7353266333333321,-4.887971333333328,3.6379639000000012,-2.3616523599999986,5.3777246666666665,-2.1650077666666663,2.9553844333333346,-3.2263563333333334,-0.9683363333333334,0.7417926666666662,-0.04096924300000002,0.03397461366666668,-0.3973987000000004,0.1990930533333333,-0.02532445333333333,-0.12293048666666669,-0.003152801666666668,0.0,0,0,1,0
1.441259666666666,0.10571873333333331,1.1945526666666661E-4,1.8565233333333333,0.001442113,0.05669813333333335,3.881666666666667,1.67173,10.859573333333335,-8.20601333333333,5.334823999999995,-4.387535500000001,0.5240444733333331,-3.753140033333334,3.4766399999999997,-0.9969441666666662,4.9211923333333365,-1.9954141666666663,3.4008877799999984,-1.4756383203333348,-0.9678076666666664,0.7371693333333329,-0.052901325000000006,0.07361511333333329,-0.40316800000000036,0.18708675166666655,-0.04658659799999998,-0.13266549666666674,0.00819300366666667,0.0,0,0,1,0
1.2585523333333328,0.09803090000000009,2.0952499999999985E-4,1.8744333333333334,0.0020900933333333344,0.0814026666666667,3.5966666666666667,1.5489820000000003,13.135926666666677,-8.707107333333331,7.3861433333333295,-5.812799666666672,1.3436056500000004,-5.0026173333333315,4.185134400000004,-2.3063011099999993,5.896246333333338,-3.2122495666666704,3.336161266666667,-2.5359184,-0.9720050000000003,0.7232919999999997,-0.06053615780000001,0.03957916966666661,-0.41229666666666676,0.19682457800000006,-0.03739297766666667,-0.15049129999999997,0.01762618533333334,0.0,0,0,1,0
0.984518666666666,0.06764566666666665,4.000296666666666E-4,1.8711066666666665,0.0028736699999999987,0.11154106666666669,2.6913333333333336,1.1591039999999997,15.169066666666671,-6.517626999999999,5.808683266666669,-3.576305759999998,0.37831636666666685,-3.5475743000000004,1.7908070406666676,-2.241271523333334,2.5142814000000016,-2.775088200000001,1.0511587700000002,-2.014396980000001,-0.982774,0.745743,2.950279999999954E-4,-0.006966396666666665,-0.32493793333333315,0.11684790066666667,0.010716640666666666,-0.09396043699999998,0.038768145136666675,0.0,0,0,1,0
0.9709109999999999,0.07319569999999996,2.630707666666668E-4,1.88728,0.002292116666666667,0.08928443333333327,2.8103333333333333,1.2103846666666667,14.17011666666666,-6.800746666666665,6.309123333333335,-3.344343243333332,0.27456776666666666,-3.5113389000000006,1.1897446633333335,-2.772004400000001,2.0046500299999988,-1.6500644700000002,2.341901763333331,-0.3634542396666665,-0.9819613333333338,0.7347610000000003,0.008793944666666657,-0.029788915666666707,-0.3620695666666666,0.152506427,0.0020781676666666664,-0.11132935153333343,0.01851890266666667,0.0,0,0,1,0
0.7641019999999998,0.04795600000000006,1.2402416666666653E-4,1.8479633333333334,0.0018194776666666675,0.07019549999999992,1.9993333333333332,0.8611013333333327,17.569466666666667,-6.773009666666669,5.308189199999999,-3.6328427999999993,1.1149228733333332,-4.327961266666666,1.2331929533333346,-2.526498033333333,2.4725399333333327,-3.2454338666666676,1.7444816999999992,-0.5992245584333332,-0.989073333333333,0.7159929999999999,0.10737194733333337,0.013212039999999994,-0.22041131666666672,0.05273857646666668,0.030483713333333325,-0.05560355633333331,0.03975698066666665,0.0,0,0,1,0
0.8147023333333335,0.051562400000000105,2.9359106666666665E-4,1.8575766666666667,0.0024113443333333338,0.09347030000000002,2.135333333333333,0.9196533333333328,16.54142333333333,-6.878496966666667,5.495706933333335,-4.302371100000003,0.8179521210000004,-5.398036333333331,2.7471443666666677,-2.4345084333333316,3.1757120333333355,-4.113689933333333,1.2275527899999998,-1.124003266666668,-0.9873063333333341,0.6956493333333335,0.08247190666666666,0.04027458366666665,-0.2550770566666667,0.1020642876666666,0.032713583000000025,-0.09143578966666663,0.022763513333333325,0.0,0,0,1,0
1.042654666666667,0.06901246666666673,5.001626333333328E-4,1.85558,0.0029935133333333333,0.11628529999999998,2.8289999999999997,1.2184099999999993,15.360126666666659,-7.886306666666669,5.690955000000007,-5.669233266666669,1.3871314666666672,-6.303237666666666,3.7664956666666662,-3.3646818666666656,4.068080799999998,-5.627331033333338,2.2458584,-1.174663423333333,-0.9804826666666662,0.6899910000000001,0.017318475333333333,0.08896368933333337,-0.33544573333333333,0.20413861133333325,0.010671024999999995,-0.1398436133333333,0.006049270533333331,0.0,0,0,1,0
1.1519616666666672,0.08063690000000003,2.303809333333334E-4,1.9392966666666667,0.001812252666666666,0.06914316666666663,3.1553333333333335,1.3589176666666667,11.918266000000004,-6.6356269999999995,5.080455333333336,-3.714119166666666,0.8454243266666667,-2.512126543333333,2.8058488766666665,-1.926861955666667,4.323633433333336,-0.26842163666666646,2.2413148666666656,-0.7757534566666664,-0.9765619999999997,0.7312606666666667,0.02219185233333335,0.016558704666666674,-0.3611446333333332,0.1590646133333333,-0.008007999999999989,-0.1106449726666667,0.028906485333333336,0.0,0,0,1,0
1.0267819999999994,0.07069019999999997,2.846886666666667E-4,1.90572,0.002295467666666668,0.08859363333333338,2.8376666666666663,1.222118333333333,13.204820000000003,-5.3720928999999975,4.875514000000003,-2.873438533333336,0.4277863166666664,-2.2671183333333325,3.0300665133333373,-0.30606447999999997,3.4382735000000015,-2.1132392633333326,-0.6835085666666662,-1.6050471,-0.9803896666666666,0.7214089999999999,0.0334040746666667,0.010079196666666679,-0.35863451,0.17216839633333328,-0.00992820566666667,-0.08938336233333331,0.042464024766666685,0.0,0,0,1,0
1.1392933333333328,0.08029166666666668,5.147155333333335E-4,1.8817833333333334,0.0030075666666666695,0.11720453333333326,3.1943333333333332,1.3757203333333334,11.119283333333334,-4.402248999999999,4.83190616666667,-2.582301889999999,0.6501444366666671,-2.908867033333333,2.0426599200000006,-1.5010721200000001,2.3076770366666675,-2.242235236666666,-1.201110756666667,-3.393613400000002,-0.9752996666666672,0.6579113333333336,0.013366688666666666,0.0955373623333333,-0.38123070000000003,0.21403048933333343,-0.05152226513333334,-0.10002813666666673,-0.020689818,0.0,0,0,1,0
0.8537110000000002,0.05922048666666684,3.798716666666666E-4,1.94815,0.0023127663333333335,0.0858795,2.4633333333333334,1.060915666666667,13.378286666666673,-5.713507,5.064834566666666,-3.1035971666666695,0.6343569933333334,-2.873833966666668,1.8374120666666658,-1.2787738,3.7951238600000012,-0.47188873133333326,2.4691853366666665,-0.16816050666666682,-0.9829433333333323,0.6740843333333335,0.05223772333333334,0.04314949266666665,-0.30369668000000005,0.12473285173333326,-0.008371442666666661,-0.09056967399999995,0.023906573766666644,0.0,0,0,1,0
1.1369589999999998,0.07852053333333324,1.702167333333334E-4,1.8826766666666668,0.0017188676666666665,0.06597896666666664,3.076,1.324755,12.889583333333325,-6.9000683333333335,6.597595666666664,-4.6602394,1.7370241500000005,-3.090832513333335,4.468398333333331,-0.6306356333333328,5.9825733333333355,-2.5907387666666657,-0.09997057000000034,-3.7400480999999974,-0.9775163333333342,0.7389820000000001,-0.013565553000000004,0.006853763000000001,-0.375829026666667,0.19245430466666683,0.003875163333333334,-0.10653781333333336,0.05028728333333331,0.0,0,0,1,0
1.2495286666666667,0.08668791333333321,3.149733666666666E-4,1.8446600000000002,0.00210284,0.08042236666666658,3.4013333333333335,1.4648633333333332,12.89931,-7.628222000000002,6.4841909999999965,-4.697824699999996,1.4314971999999995,-4.073902426666666,3.674616133333333,-1.9443527566666674,4.595269466666667,-3.8154270333333336,0.4601694766666669,-3.80092409,-0.973037333333334,0.7061030000000004,-0.013983366666666667,0.07264613866666662,-0.383235733333333,0.19714739666666672,-0.026709404433333337,-0.11661272599999999,0.021587211999999988,0.0,0,0,1,0
1.021774,0.0697951000000001,4.500998333333332E-4,1.9351466666666668,0.002978096666666666,0.1146207333333333,2.785,1.1994179999999999,13.82581333333335,-6.8759863333333335,5.341803333333331,-4.481906999999997,0.9149855866666661,-4.231317633333336,2.111251330000003,-3.220159463333334,2.677621333333332,-3.0103531999999986,1.6870412666666665,-1.4525183000000015,-0.9808153333333327,0.7109573333333332,-0.007254471666666669,0.03090611666666667,-0.3497978666666663,0.1946189066666668,0.010381253333333333,-0.12191831699999992,0.03188691099999998,0.0,0,0,1,0
0.962150333333333,0.06487230000000006,5.467937E-4,1.9043833333333335,0.003342156666666668,0.13005566666666676,2.668,1.1490773333333337,14.937913333333329,-6.361945333333333,5.920553333333334,-4.392928733333331,0.18126914000000008,-4.358033000000001,2.029520760333331,-2.6740432333333333,2.7799773333333326,-1.6569497,1.56268107,-2.115591343333334,-0.9831359999999999,0.7175420000000005,0.01344850666666666,0.018090667333333324,-0.347882533333333,0.19333348533333322,-0.013660292000000001,-0.09995665000000002,0.01914950066666668,0.0,0,0,1,0
0.8537003333333336,0.05694293333333337,4.451170666666664E-4,1.93815,0.002624883333333334,0.10025069999999996,2.4546666666666668,1.0571999999999997,14.774546666666659,-5.503530333333333,5.022376333333333,-3.4282848333333353,0.5232589333333331,-3.684180799999999,0.9942008266666678,-2.340471648000002,1.9197307933333327,-0.8158810699999997,2.1268466833333317,-0.3837560466666668,-0.9845313333333335,0.6748649999999996,0.03983230900000002,0.023127053333333314,-0.3252644209999999,0.16554993833333334,0.03592321203333332,-0.11490124999999994,0.033937705999999984,0.0,0,0,1,0
0.7408723333333331,0.04864763333333335,2.1186026666666663E-4,1.9053666666666667,0.0018401979999999995,0.07052879999999999,2.0856666666666666,0.89826,17.608356666666662,-6.199546333333331,5.811498466666665,-3.538314866666668,0.93059311,-3.789893306666666,2.1790691133333353,-2.4770580599999996,2.455008266666667,-1.7514645266666673,3.0116306333333314,-0.7809633066666661,-0.9883566666666667,0.707144,0.07390042666666667,0.013880325,-0.2560887199999999,0.10288113699999996,0.03358308666666666,-0.09934976999999999,0.024351528766666655,0.0,0,0,1,0
0.6229076666666665,0.03373739999999996,1.1277610000000003E-4,1.8650466666666665,0.0015846679999999994,0.05977909999999995,1.5513333333333335,0.6681286666666666,20.42946666666668,-5.681812000000003,5.533353333333337,-3.961694966666665,0.019762000000000078,-3.7319675966666646,1.8583955333333335,-3.1214474333333335,2.1164886999999974,-3.142744933333333,2.1984970393333345,-0.3174140374333331,-0.9923440000000001,0.6897776666666672,0.16989019666666652,0.036339981000000014,-0.1313632266666667,0.00816519433333333,0.034484694333333336,-0.021654104333333327,0.06106527633333337,0.0,0,0,1,0
0.7557726666666665,0.052050326666666535,5.4710703333333336E-5,1.8560733333333332,9.980623333333326E-4,0.03849266333333333,2.1716666666666664,0.9352986666666666,14.827303333333324,-3.997711600000001,5.753862333333337,-2.8003564999999995,0.22543889999999944,-2.497468380000001,1.6426466666666668,-1.5612146666666664,1.7960758999999988,-1.4274717666666659,2.321760533333332,-0.017153957333333292,-0.9867146666666677,0.6653983333333339,0.07058408100000003,0.027437248999999976,-0.2924215732666666,0.09402253210000001,0.02785392766666666,-0.08853446266666666,0.020296337333333307,0.0,0,0,1,0
1.072718333333333,0.07377196666666672,2.3625529999999996E-4,1.8965,0.0022405399999999988,0.0868264,2.9603333333333333,1.2749500000000005,13.747476666666666,-6.768456333333335,5.278117766666665,-3.9994883000000025,-0.0981672599999997,-4.059245366666668,2.0371340660000015,-2.4623986166666665,2.387223633333332,-1.96519631,2.334918400000001,-0.5645424333333333,-0.9798816666666668,0.7215526666666673,0.051602326333333344,0.035597186666666676,-0.3442806366666666,0.17053964400000002,0.0013339180000000125,-0.11660623466666674,0.007268786666666667,0.0,0,0,1,0
1.033496666666667,0.06859490000000006,5.438139000000001E-4,1.84446,0.0032329866666666674,0.1267667000000001,2.805,1.2080776666666666,14.949563333333332,-8.30710666666667,5.556624800000001,-5.600660766666667,0.8555498233333327,-5.925413999999997,3.9174642999999993,-3.182737566666665,3.8593831666666674,-5.177281000000002,2.0036247999999985,-1.1125865333333333,-0.9814723333333344,0.7031683333333335,0.042931806666666704,0.06568439399999998,-0.3279135000000001,0.17251187136666668,0.02734174666666668,-0.14083153999999992,0.013971939666666655,0.0,0,0,1,0
0.8682059999999993,0.04974126666666675,0.0010634540000000006,1.8489766666666667,0.004601306666666667,0.1763325666666667,2.164,0.9320113333333331,15.982856666666672,-8.630833333333326,4.9168840000000005,-6.183615333333336,-0.7311380333333335,-6.659063666666667,2.0606300199999996,-3.941550666666665,2.7633678333333345,-3.2728478333333326,2.9777880033333357,-0.6395046000000004,-0.9872790000000004,0.7259143333333332,0.0813691376666667,0.029243138133333322,-0.2675726133333332,0.1150946253333332,0.031621760333333346,-0.09596329099999998,0.03726759133333334,0.0,0,0,1,0
1.228547,0.08370073333333325,7.31061E-4,1.86288,0.003402416666666667,0.13247836666666665,3.3216666666666668,1.4305343333333334,13.40775666666666,-9.501423333333335,5.952218666666663,-6.14581346666666,2.8595330000000003,-4.72150006666666,4.181999466666665,-3.683398706666666,3.3451435666666662,-4.922989733333333,2.316946783333331,-2.0054820666666684,-0.9749046666666658,0.7106399999999999,0.015122834333333328,0.054847925333333276,-0.3812374000000002,0.23500168666666668,-0.0041065083333333315,-0.09971552033333336,0.016864702333333353,0.0,0,0,1,0
1.6450966666666678,0.11075423333333335,5.889010000000006E-4,1.8897366666666666,0.002988696666666667,0.11902950000000002,4.3213333333333335,1.86104,7.147380333333335,-7.70393166666667,2.5141594000000014,-4.633484999999997,0.3636468666666664,-3.4131551966666653,2.4692054333333346,-0.4204900733333334,3.9661553333333335,-0.49893299333333363,0.8330506000000002,-1.2857254333333332,-0.9610156666666666,0.675281666666667,0.012607639999999996,0.10200593833333331,-0.44536166666666654,0.3593448666666666,-0.05743817833333333,-0.07290513366666666,-0.032869564666666656,0.0,0,0,1,0
0.8706179999999998,0.06013186666666666,6.486526666666666E-4,1.8693266666666666,0.0033373966666666675,0.12759196666666678,2.5273333333333334,1.0884733333333332,14.713353333333332,-5.261176866666664,5.946399666666668,-3.076203933333335,0.7191548233333335,-3.4727947333333327,1.5793714999999988,-1.56210886,2.158697999999999,-1.8830289666666666,0.8478956666666666,-2.0844102933333346,-0.9841929999999997,0.7120033333333327,0.016822887800000002,1.4601366666666888E-4,-0.33121923333333325,0.15327304999999997,0.012429406999999993,-0.08894714000000001,0.024691894000000002,0.0,0,0,1,0
0.9962023333333333,0.06691706666666669,6.002853333333335E-4,1.8673633333333333,0.0036438733333333333,0.14149280000000003,2.5856666666666666,1.1135906666666662,12.883929999999996,-7.02759,5.0009863333333335,-4.0824060000000015,0.1988045333333334,-5.493019999999996,0.19023260000000008,-3.186374549999999,1.8540253333333343,-1.9530345666666675,1.37996297,-1.6264490533333331,-0.9824869999999994,0.7104930000000005,0.04449432233333334,0.02573882256666667,-0.3429989466666667,0.18891723033333357,0.018897712246666646,-0.10547316333333331,0.02539601133333335,0.0,0,0,1,0
1.092567333333333,0.06827066666666651,7.374373333333331E-4,1.9499766666666667,0.004597570000000002,0.17760716666666648,2.763,1.1899423333333339,11.232736666666668,-6.033598333333334,4.817878000000004,-3.9015553760000032,0.2855912699999994,-4.6692215,0.3299707,-2.4540107666666677,1.8822337,-2.4416764333333343,0.4886747333333335,-2.5384441333333334,-0.9787766666666664,0.6776073333333337,0.03775313183333333,0.06823233100000009,-0.33205053700000015,0.18752806833333346,0.008061462000000004,-0.07238151999999994,0.01667521936666667,0.0,0,0,1,0
1.1129609999999996,0.07280613333333336,0.0010286326666666666,1.91527,0.004499613333333338,0.1753176666666666,2.9636666666666667,1.276369333333333,13.399619999999997,-7.563817333333336,4.607768799999998,-5.840180800000001,-0.613602950666667,-5.635942000000003,1.9382377533333326,-2.609005033333334,3.024982333333335,-3.344059200000001,0.7676252666666661,-2.2964638666666666,-0.9789239999999999,0.6985013333333335,0.028938313699999975,0.05665795999999998,-0.3705174666666667,0.23142704,0.001830329666666672,-0.12020295033333338,0.008219731666666666,0.0,0,0,1,0
0.9443713333333326,0.05876673333333334,8.457853333333333E-4,1.91203,0.004079086666666666,0.15856430000000002,2.445,1.0529976666666665,12.973706666666667,-6.756953333333335,4.574484597999999,-4.573287733333337,-1.1126241833333332,-5.469126666666664,0.65219871,-3.466986999999999,1.660093433333333,-2.2547135000000003,1.8768789433333328,-0.4546086220000001,-0.9841093333333327,0.6834109999999999,0.05969498366666668,0.05380681633333334,-0.33230381999999986,0.1752922066666666,0.018068273933333313,-0.12456371799999992,0.019030608666666688,0.0,0,0,1,0
0.948574333333333,0.06088760000000004,3.512192666666668E-4,1.8991533333333335,0.002717137333333334,0.10570769999999996,2.5143333333333335,1.0828873333333329,13.271696666666658,-6.299616666666668,4.060954166666665,-4.174303366666665,-0.46889101633333347,-4.490959833333335,0.23912754799999997,-2.8660711199999986,2.5085706333333344,-1.7354036666666666,1.5887320166666674,-0.24941221333333327,-0.9831896666666667,0.6830883333333333,0.040754386666666684,0.04713826566666666,-0.3302048600000002,0.17827301066666665,0.02476812433333334,-0.10771300400000006,0.03327799176666668,0.0,0,0,1,0
0.8511646666666671,0.05781390000000003,9.550543333333329E-5,1.8671366666666667,0.0014358139999999997,0.05608976666666667,2.4533333333333336,1.0566140000000004,14.634933333333338,-5.743681333333334,5.293357000000004,-2.87357028,0.3859339503333333,-2.966454800000001,1.7164650426666674,-1.9503326766666658,2.461775566666667,-1.490107186666666,1.7825603333333342,0.3618348499999997,-0.9845953333333332,0.6749963333333329,0.053173686533333354,0.024517473999999994,-0.32656650000000015,0.13392620483333328,0.0047845983333333324,-0.09738954666666669,0.030809484199999973,0.0,0,0,1,0
0.5314226666666665,0.03237037999999996,1.1562153333333336E-4,1.8314533333333334,0.0015572539999999988,0.059140966666666656,1.654,0.7123370666666669,16.582060000000013,-2.8199371999999996,6.569726666666669,-1.9145600000000003,1.3803555633333324,-2.5935161133333335,2.3802712599999998,-2.0728630166666666,2.8213428,-1.9109099999999997,1.6466900033333327,-1.0301682666666654,-0.9906123333333329,0.5618443333333334,0.08128959900000002,0.06846641133333337,-0.24272130299999986,0.08723040969999993,0.033591835999999924,-0.09930561866666666,0.021965091666666662,0.0,0,0,1,0
0.8877036666666667,0.060042573333333314,3.906950333333334E-4,1.89807,0.0029174333333333324,0.11269289999999998,2.465333333333333,1.0617826666666668,13.174266666666663,-6.6777829999999945,5.462228000000003,-3.613802533333335,0.954219466666666,-4.441468333333331,1.7558127999999995,-2.3031539000000003,3.481507133333332,-2.0228927266666674,2.857652999999999,-0.6321567100000003,-0.9834756666666673,0.6697009999999997,0.02905190066666665,0.05553130666666664,-0.3261230133333337,0.13945383933333325,0.024139823,-0.13933809566666666,0.017008358000000005,0.0,0,0,1,0
0.9993443333333338,0.06394666666666665,7.639576666666663E-4,1.8404066666666667,0.003606349999999999,0.14027433333333328,2.7376666666666667,1.1790676666666666,14.325546666666654,-7.980023666666664,6.9050563333333335,-7.082267333333336,2.330480946666666,-5.98426866666667,3.610673333333332,-4.34548523333333,3.2468149333333347,-4.978020666666662,3.372002029999998,-1.2068119233333336,-0.980887666666667,0.6556770000000003,0.006371868566666666,0.07037127499999997,-0.3821239666666666,0.2371594083333333,0.00208420233333333,-0.10318612533333325,0.03184185900000001,0.0,0,0,1,0
1.1226193333333339,0.07565456666666671,0.001160866333333333,1.86382,0.004389760000000004,0.16995030000000003,2.9863333333333335,1.286155333333333,12.657940000000009,-8.254786666666668,5.43617856666667,-6.212815333333335,0.15713764300000033,-5.136099666666669,3.287109233333332,-2.430982766666667,3.6604111000000006,-4.383312443333334,1.9814018333333328,-0.9320581166666667,-0.9785643333333328,0.7212376666666662,3.595149999999946E-4,0.040664806666666664,-0.3637185333333332,0.19829509333333348,0.012157663999999995,-0.113376219,0.038620026399999986,0.0,0,0,1,0
0.8675976666666673,0.054688333333333394,5.242067666666667E-4,1.9220166666666667,0.0031468566666666654,0.12201586666666661,2.292333333333333,0.9872523333333338,15.871790000000004,-7.430573333333333,4.588163333333335,-4.452865263333331,0.12054889999999993,-4.970330000000001,1.4232881099999994,-2.7740222333333326,2.2656198233333353,-3.763072980000001,1.6070025220000008,-0.038813000000000056,-0.9859953333333336,0.7173406666666667,0.08212476466666666,0.020485702700000014,-0.26093550333333326,0.09157683663333337,0.02323543366666669,-0.0755511273333333,0.039207450666666664,0.0,0,0,1,0
0.8731019999999997,0.05734656666666664,4.536863333333337E-4,1.8633199999999999,0.0030013533333333327,0.11588896666666668,2.3246666666666664,1.0012063333333332,16.20793000000001,-7.542296666666668,5.446967666666666,-4.206602666666666,-0.5409258266666671,-4.495749633333333,1.4638310666666654,-2.801364566666666,2.3211570333333316,-2.8447402666666646,1.9593176999999988,-0.8624940666666667,-0.9863856666666667,0.7410023333333332,0.06023036893333335,-0.013141923333333338,-0.29685811333333323,0.09880706909999999,0.016387180666666657,-0.09244115733333334,0.03858601033333333,0.0,0,0,1,0
0.7336136666666669,0.04716223333333346,3.3237873333333333E-4,1.8470333333333333,0.002793846666666668,0.10744750000000003,1.9533333333333336,0.8412749999999998,19.3334,-7.043933333333339,5.261764333333332,-3.6329513333333336,1.4459656783333337,-4.001183066666665,1.981105253666666,-2.9814024666666668,2.555221033333333,-3.317651766666666,1.6623843366666673,-1.0127038433333335,-0.9897996666666665,0.7244523333333331,0.11748749333333336,0.015999092999999992,-0.21022449666666668,0.056169622000000044,0.020849222733333322,-0.06377046823333336,0.03918353700000001,0.0,0,0,1,0
0.7773496666666659,0.04821797333333335,2.047843E-4,1.9376066666666665,0.0020167176666666662,0.07712086666666661,2.240666666666667,0.96502,15.394989999999998,-3.9807004333333307,5.623001966666665,-3.0462038199999983,0.04528184000000004,-2.999668566666665,1.3514999699999994,-1.664042743333333,2.1114607999999992,-1.5144472333333334,2.052647796,-0.06529444999999998,-0.9860729999999998,0.6418593333333334,0.05198474900000004,0.002306863666666685,-0.28334176666666666,0.10247129233333332,0.032651114333333335,-0.07665865233333334,0.050619599899999985,0.0,0,0,1,0
1.1358216666666665,0.07673739999999989,4.7083470000000024E-4,1.9230866666666666,0.00294161,0.1139427,2.945666666666667,1.268643666666666,11.427170000000004,-6.935775000000001,4.9594525666666645,-4.234874666666665,-0.2510208433333335,-4.131025999999997,1.6281604666666665,-1.8501909523333324,2.970766533333335,-0.7051835333333335,2.158799866666668,-0.8890138466666667,-0.9779846666666663,0.7099369999999997,0.0013790436666666706,0.023069076666666678,-0.3912695666666669,0.2246719256666665,0.004508902000000002,-0.12711712333333336,0.029260287666666666,0.0,0,0,1,0
1.0418716666666668,0.07470693333333332,8.081223333333333E-4,1.8984966666666667,0.00408315,0.1615423,2.9336666666666664,1.2634789999999998,11.648083333333327,-4.807708333333332,5.648571666666667,-2.800186966666667,0.09504986666666679,-3.2529570233333325,1.5506709333333335,-1.7705295000000005,1.7541700466666668,-0.9439496233333341,1.9304080666666668,-0.9856688099999996,-0.979221,0.6817756666666667,0.009671312666666666,0.04968269600000002,-0.38917200000000013,0.19727432666666678,-0.012963800000000003,-0.12215678666666664,0.0011679163333333288,0.0,0,0,1,0
1.3180063333333336,0.09070873333333332,0.0012727746666666671,1.9227433333333332,0.00412481666666667,0.16362846666666656,3.559,1.5327416666666667,10.305656666666671,-6.571470000000004,4.83523213333333,-3.467028333333333,1.0901180233333332,-2.8791752000000015,1.6829248000000008,-1.3377054033333329,3.0239976666666646,-2.320511799999999,-0.4867847999999998,-3.8060880000000044,-0.9719076666666668,0.6932089999999997,-0.013897816333333339,0.07706451499999999,-0.3971553333333329,0.26368683937,-0.0073256349999999935,-0.11093684666666663,0.028118176666666658,0.0,0,0,1,0
1.268026666666668,0.09396710000000001,0.0015665949999999998,1.8738133333333333,0.004967046666666669,0.1929566666666666,3.5523333333333333,1.5298566666666666,11.033136666666662,-7.696069999999997,6.213472333333337,-4.095400200000001,1.5814876,-3.9622615100000007,3.3543466999999985,-3.1879853333333354,3.5176046666666685,-2.6988566733333323,1.6832901589999998,-2.733026666666667,-0.9722006666666664,0.7037676666666665,-0.01155126166666667,0.06438642566666666,-0.40707309999999985,0.2404395033333332,-0.05074724366666664,-0.12454566299999993,-0.010310696,0.0,0,0,1,0
1.3663156666666667,0.09379433333333327,0.001756811,1.89875,0.004991143333333334,0.1966706666666667,3.624,1.560759666666667,10.50758,-6.331956666666669,5.028626999999998,-3.367079966666666,1.1872931333333328,-3.814587566666665,2.579401899999999,-1.377658453333334,3.6236933333333323,-3.034432000000001,-0.19227082666666664,-3.5999716666666663,-0.9706989999999996,0.6921063333333333,0.015044727666666672,0.1028979270000001,-0.3956743666666668,0.26120239709999976,-0.03541845000000002,-0.12681466100000013,-0.007681373000000001,0.0,0,0,1,0
1.0107216666666665,0.06458423333333344,4.458546666666671E-4,1.9053699999999998,0.002731906000000002,0.10527523333333334,2.717,1.1701736666666667,14.026720000000008,-6.920303333333333,3.3916787800000017,-3.7920447666666686,1.1270392333333332,-3.5551115566666667,1.8331629566666685,-1.7911123333333334,2.436656666666668,-2.631050066666667,0.5128383266666671,-2.1373126276666667,-0.9823586666666665,0.7024163333333331,0.07269493206666668,0.08088757,-0.3213141766666666,0.19877928466666658,0.02535739333333334,-0.1104206733333334,0.016165370666666668,0.0,0,0,1,0
0.7673713333333336,0.0437117733333334,3.975351666666667E-4,1.8843766666666668,0.002659503999999999,0.10118513333333337,1.9306666666666668,0.8315043333333331,17.655476666666665,-7.373793333333332,3.754116066666667,-5.18169971,-0.10682689333333321,-4.376002966666668,1.6637532933333334,-2.7840722000000007,1.6488029999999987,-3.5601198066666635,1.6376798333333331,-0.33492583333333353,-0.9896769999999998,0.7176903333333329,0.13381266000000003,0.027010737666666652,-0.20044698333333333,0.0646254533333333,0.04602181180000002,-0.04467910933333335,0.0597072156666666,0.0,0,0,1,0
1.268677333333333,0.08724630000000008,3.518580666666669E-4,1.9041166666666665,0.0027355833333333303,0.10690600000000001,3.2696666666666667,1.4081593333333333,12.32700666666667,-7.7539166666666715,4.214063033333335,-4.218962633333331,-0.30567281633333343,-4.46874433333333,0.7691007333333327,-1.6344914766666658,2.1640580799999984,-1.6154761766666659,0.7483167618666667,-1.671443243333333,-0.9755189999999999,0.7539056666666668,0.015737931666666656,-0.012537519333333337,-0.3636721333333331,0.20443796233333322,1.8823833333333332E-4,-0.09606866966666663,0.027848109689999987,0.0,0,0,1,0
1.0464186666666668,0.07321219999999987,5.367104666666667E-4,1.85262,0.0027328833333333346,0.10524876666666667,2.9503333333333335,1.2706590000000002,14.182043333333334,-8.326313333333339,6.680725666666664,-6.2228983666666675,1.3309031766666666,-5.341005333333334,4.060805099999997,-3.088185499999998,4.675341133333333,-3.5019008866666663,2.4485185666666687,-3.475687976666668,-0.9790036666666655,0.7043193333333334,-0.013303042943333334,0.038525683333333324,-0.3526651,0.1610419913333333,0.01588300666666666,-0.14178472333333328,0.022371495999999998,0.0,0,0,1,0
1.2867796666666664,0.09778030000000007,3.366847E-4,1.9068866666666668,0.002217816666666669,0.08697999999999996,3.66,1.5762306666666666,11.694696666666664,-7.0226066666666735,6.178414999999997,-3.804906031333334,1.8981138333333332,-4.060545500000003,2.1892086266666673,-3.1699268999999974,3.0663736699999986,-2.9595944333333333,1.7539210716666678,-1.672161933333334,-0.9700146666666677,0.6909680000000009,-0.026307170333333314,0.052660216666666676,-0.42740033333333327,0.23856773333333317,-0.02455435866666666,-0.14601486333333333,0.006298640490000003,0.0,0,0,1,0
1.164918666666667,0.08415997999999995,2.2303883333333325E-4,1.9066733333333334,0.001887088,0.07245323333333334,3.195666666666667,1.3762843333333334,13.73975999999999,-7.79435746666667,5.888572666666665,-4.8586305099999985,1.2713105233333328,-3.040906666666665,3.481463900000001,-1.8162508333333343,3.587405290000001,-3.088343130633332,1.8471304666666666,-1.1264559366666664,-0.9764200000000002,0.758551666666667,-0.056916420299999985,-0.05079804566666668,-0.35095237,0.16462781366666687,0.031492283,-0.10239726000000003,0.06253378766666658,0.0,0,0,1,0
1.195415666666667,0.09023180000000011,7.106343333333335E-5,1.8088,0.0011753806666666667,0.04470436666666667,3.6276666666666664,1.5623456666666669,12.35962,-6.591772399999999,7.1807333333333325,-4.718787716666665,5.417552266666665,-1.746093693333333,6.139250000000002,-2.715537600000001,2.5068508666666656,-5.398667999999998,3.0991210000000016,-0.98499343,-0.969101,0.6471803333333336,-0.05706783433333333,0.0738766588,-0.4391983333333335,0.28099681666666676,-0.043866536666666664,-0.13715814666666679,-0.017349192033333332,0.0,0,0,1,0
1.146709666666667,0.08262238000000008,1.231928E-4,1.8666066666666665,0.0014807533333333336,0.056943833333333346,3.2340000000000004,1.3928163333333332,13.978336666666673,-8.24933666666667,6.465770133333329,-4.4519329999999995,2.9214246199999985,-3.646119896666666,3.348195300000001,-2.3207916333333354,3.006354066666667,-2.988046638,2.957460866666665,-1.4681063233333338,-0.9758093333333333,0.7284149999999999,-0.021357977000000018,-0.010866554999999996,-0.3851598333333333,0.2360504506666668,0.004590145000000018,-0.11516126333333342,0.023790427666666673,0.0,0,0,1,0
0.8901653333333333,0.06019709999999999,4.509624999999996E-4,1.92892,0.0028936933333333316,0.11154019999999988,2.537,1.0926596666666664,14.065263333333332,-5.90360446,4.861452120000004,-3.655453566666666,0.39904359999999967,-3.854261733333333,1.8167609100000008,-1.3466474766666667,3.059126466666665,-1.4226897303333323,1.056689133333334,-1.4967590146666652,-0.9843323333333333,0.7045183333333335,0.04172122333333332,0.02225844633333332,-0.34139986666666655,0.1612627026999999,0.008264258800000009,-0.0935601283333333,0.023968494333333357,0.0,0,0,1,0
0.8161543333333334,0.05187593333333334,5.217280999999997E-4,1.8944666666666667,0.0031119366666666646,0.11731906666666662,2.2573333333333334,0.9722166666666667,15.489456666666689,-6.900757333333333,4.871563000000004,-5.092222666666663,0.1732838966666668,-4.324338233333334,1.4396337000000008,-1.9924777999999992,2.749290766666667,-1.8972607759999993,1.571656533333333,-0.9916564800000002,-0.9867463333333326,0.7175123333333332,0.06645823266666664,6.932333333333473E-5,-0.2903250133333334,0.12691855733333338,0.0478202716666667,-0.08194616999999998,0.0522209518233333,0.0,0,0,1,0
1.0965649999999996,0.07610066666666668,4.926331333333339E-4,1.9296633333333335,0.0028047733333333323,0.108969,2.892333333333333,1.2456556666666665,13.107473333333344,-8.495503333333334,4.691043600000001,-5.1703984599999995,-0.40167936666666654,-4.549438333333331,3.001410466666664,-1.829056866666667,4.502747333333335,-2.3855561666666665,1.8474589333333336,-1.2206940566666662,-0.9797823333333336,0.7459203333333329,-0.011935139333333334,-0.00967378,-0.3568961999999997,0.14221436266666668,0.00959021033333333,-0.10537860666666674,0.05451331099999996,0.0,0,0,1,0
0.8825840000000003,0.05595206666666665,3.183241E-4,1.9378566666666666,0.002481056666666667,0.09606763333333333,2.4833333333333334,1.0695363333333325,14.616603333333332,-5.931101999999994,4.864141699999998,-4.037446800000001,-0.7053390800000007,-3.4658419333333352,1.7236768366666675,-1.6241820633333337,2.952106123333333,-1.270126053000001,1.8439118333333333,0.04463446666666628,-0.9848726666666668,0.7014673333333331,0.04502869899999997,0.013173911999999992,-0.3423399666666667,0.1505093603333334,0.010795447666666671,-0.09078121333333335,0.03690502533333334,0.0,0,0,1,0
0.7743673333333334,0.05359556000000003,1.845984666666667E-4,1.9078133333333334,0.0017504889999999992,0.06721956666666666,2.2956666666666665,0.9887013999999987,14.972396666666661,-5.34369321,5.973853333333329,-2.692801466666666,0.4741305696666665,-2.879077199999998,2.2031483000000005,-1.8761513000000016,3.2833227000000003,-1.1932119333333326,1.460591166666666,-0.09562580999999995,-0.985742,0.6696526666666662,0.04001603999999999,0.0011639551333333302,-0.3302375699999999,0.1130777493333333,0.01661948699999998,-0.14544787999999992,0.020707701999999998,0.0,0,0,1,0
0.8847953333333333,0.06201953333333338,9.405053333333334E-5,1.9438199999999999,0.001076333333333333,0.04125643333333335,2.659666666666667,1.145479,14.894673333333339,-5.416997333333333,5.253585200000001,-2.508986366666667,-0.5182816666666665,-2.9449514333333338,1.1722071129999994,-1.6996147466666667,3.1434547,-1.537701738,1.7925112233333327,0.7584126166666664,-0.9832966666666668,0.7107593333333334,-0.009510883333333333,-0.02008315110000001,-0.3702658,0.13189564333333334,0.0324474203333333,-0.1627070466666666,0.06290757633333334,0.0,0,0,1,0
0.7319946666666672,0.05145965999999999,5.382758766666669E-5,1.8535266666666665,6.458200333333335E-4,0.024292343333333345,2.4846666666666666,1.0701239999999996,14.046211333333334,-3.8499476333333345,4.938351666666664,-2.5540783666666673,0.1756680209999998,-2.017782833333334,1.887093393333333,-1.2549932,3.054443700000003,-1.1333354333333325,1.7449806333333329,-0.0860742933333333,-0.9849040000000002,0.6466269999999996,-8.322013333333255E-4,0.006042424333333325,-0.3451496333333332,0.08644372766666665,0.028430449966666646,-0.1322288033333334,0.03853660633333335,0.0,0,0,1,0
1.0366313333333337,0.08033583333333327,8.341922999999997E-5,1.94446,0.0013200006666666674,0.05140826666666665,2.861666666666667,1.2324369999999993,13.71392333333334,-5.652423466666668,6.360163333333329,-3.1102660000000006,-0.41510859999999994,-3.3178398689999997,2.4643126233333357,-2.037740286666668,2.7711797666666653,-1.1240778899999995,2.6560186746666674,-0.4920242666666666,-0.9801530000000003,0.7301673333333336,0.026611163333333313,0.022451506333333336,-0.3788104666666668,0.15492032933333333,-0.03940359399999999,-0.1510233466666667,-0.012135156333333327,0.0,0,0,1,0
1.0055996666666673,0.06367503333333342,3.318257666666666E-4,1.8987466666666666,0.0026422500000000005,0.10204083333333332,2.614666666666667,1.1261193333333333,15.38132333333334,-8.431509999999998,5.567143999999999,-5.901561999999997,0.36042251066666664,-5.735530999999999,2.8546372000000004,-3.3697865333333334,3.2862595999999997,-4.025900733333336,2.194780073333333,-1.0201648999999993,-0.9835276666666666,0.734654333333333,0.048475342333333324,0.023851295000000005,-0.31275633,0.15687383000000013,0.01632369233333333,-0.0875768183666666,0.027531093033333315,0.0,0,0,1,0
0.9712206666666674,0.06153740000000005,9.057653333333339E-4,1.8500066666666666,0.004051596666666666,0.15709123333333339,2.514666666666667,1.083005999999999,16.195333333333327,-8.864223333333335,6.1285272,-6.237894666666668,0.5414412099999998,-6.8581033333333306,2.8307389333333353,-4.327392733333332,3.944992333333332,-5.0418790000000016,2.5755207333333328,-1.133597406666667,-0.9838469999999999,0.7291506666666663,0.02761534633333332,0.02015843966666665,-0.31728897000000006,0.13647861975333317,0.03520672766666668,-0.11626166000000003,0.039828015666666675,0.0,0,0,1,0
0.9696276666666668,0.06241080000000002,8.318193333333335E-4,1.8719666666666668,0.0041748033333333335,0.16013806666666652,2.532,1.0904906666666663,14.746706666666668,-8.569613333333326,5.619846333333332,-6.354870333333334,1.0282221666666664,-5.924813666666659,2.9172482666666673,-3.989837666666668,2.502039566666668,-4.501056466666671,2.9579138633333355,-0.7239747999999999,-0.9835330000000007,0.7174866666666663,0.05057494466666665,0.039236843,-0.326143,0.17947200299999994,0.01846511433333333,-0.10946979333333332,0.028497557333333343,0.0,0,0,1,0
1.4429246666666664,0.0963971,8.07925E-4,1.8671533333333334,0.0034275300000000024,0.1339503999999999,3.7493333333333334,1.6146976666666666,10.897813333333326,-9.784623333333327,3.849589124666664,-5.4486242000000065,1.3869409666666668,-3.7124014666666647,3.9846230000000036,-1.9245076989999987,4.088217566666666,-2.763713539333333,1.6102064333333326,-1.6651389,-0.9700229999999997,0.743038666666667,0.008703793333333338,0.05347963933333332,-0.3985183666666668,0.2800451943,-0.01948044956666667,-0.11351183433333335,0.008825259999999984,0.0,0,0,1,0
1.3019036666666666,0.08622186666666673,5.598193333333331E-4,1.9148399999999999,0.003529713333333331,0.13829466666666673,3.5060000000000002,1.5099286666666667,9.659238666666663,-6.376728666666667,3.8529310633333336,-4.556842000000006,0.28653433666666683,-3.9470386666666673,1.9266174133333327,-0.7849934666666666,3.5171199000000017,-1.553331373333333,-0.05315880000000013,-1.7950573383333335,-0.9704053333333331,0.6638603333333333,0.006711877,0.07366275733333329,-0.39783743333333327,0.27013229000000005,-9.963243333333514E-4,-0.11750246000000002,0.002939335999999995,0.0,0,0,1,0
0.8190533333333333,0.05683753333333332,9.658119999999993E-4,1.8625099999999999,0.0042780566666666625,0.16308453333333334,2.376333333333333,1.0234553333333336,15.081430000000001,-5.896240999999998,5.9170099999999985,-3.1139848066666667,1.2388930666666675,-3.7135186666666664,1.2857344766666672,-2.3099380533333327,1.6049072999999994,-2.5680164000000008,1.3402197999999992,-1.6800520999999997,-0.9854143333333335,0.6965903333333335,0.03532795833333334,0.013705549999999999,-0.3088137000000002,0.14673089633333336,0.018153198999999984,-0.09038144660000005,0.020515107666666664,0.0,0,0,1,0
1.138039,0.07614753333333325,7.366603333333335E-4,1.9034633333333333,0.00398259,0.15378683333333312,2.943,1.2674409999999994,10.876343333333335,-6.612360000000003,5.155343666666665,-3.5222033999999978,0.6545262066666667,-4.5810229999999965,-0.11341425333333331,-3.0150191666666664,2.0114305666666676,-1.7378424666666665,1.2291662333333326,-1.9998774,-0.9769693333333336,0.6955666666666672,0.016510484666666672,0.03670570699999999,-0.37722820000000035,0.2217512666666669,-0.002390283333333336,-0.09458099999999997,0.013748312666666663,0.0,0,0,1,0
1.1273656666666674,0.07450573333333323,9.702899999999997E-4,1.9366199999999998,0.004865943333333332,0.18856023333333344,3.0156666666666667,1.298750333333334,11.567170000000004,-6.350716333333336,4.191565333333336,-4.473515433333332,0.18268176733333324,-4.156606666666665,0.17359448800000002,-2.7412062666666657,1.418431239999999,-2.8710299666666663,-0.12465309999999998,-1.8981840666666654,-0.9774866666666664,0.6832210000000006,0.017403031999999975,0.04134929513333333,-0.36002944333333353,0.21358627766666663,0.006314726666666669,-0.08943106590000004,0.033299348000000006,0.0,0,0,1,0
1.0549270000000004,0.06839046666666666,0.001122811999999999,1.9160133333333333,0.005167903333333334,0.1997459666666666,2.755,1.1865076666666672,13.123116666666673,-7.1899733333333335,4.792658433333334,-4.840383666666663,-0.8096912666666667,-5.582677333333335,0.8764091466666669,-2.4278007999999995,2.082939836666666,-2.8670905766666652,0.4869849000000001,-2.033093599999998,-0.9809226666666668,0.7211573333333339,0.016261914333333332,0.03259087133333336,-0.35037966666666626,0.19854735233333312,0.014063431333333327,-0.12138474666666672,0.02774714243333334,0.0,0,0,1,0
0.9296526666666667,0.05642080000000002,0.0012654179999999993,1.8864666666666667,0.005120946666666663,0.19795276666666686,2.3476666666666666,1.0110883333333331,12.877000000000008,-7.5048933333333325,4.257027833333332,-5.177150000000001,-0.9831808266666668,-6.1460399999999975,-0.3229596466666666,-4.000772866666666,1.4625573399999998,-2.2054222000000006,1.8978138000000015,-0.6235449466666662,-0.9846236666666662,0.6761493333333336,0.07182234599999998,0.04930549466666668,-0.31861073333333334,0.1873962853333334,0.03770642500000003,-0.1049189013333333,0.018804431000000017,0.0,0,0,1,0
1.021568333333333,0.06959833333333333,4.145966E-4,1.9050633333333333,0.0028992943333333364,0.11146403333333342,2.759666666666667,1.1885456666666665,13.0204,-7.042665333333333,4.472039966666669,-3.8161239,-0.8353512799999996,-3.436868566666666,-0.07577767333333323,-2.3816939999999986,1.6575831233333338,-2.212775066666666,1.0656682866666658,-0.011061416666666511,-0.9808506666666666,0.7288459999999998,-0.009698293333333333,-0.03393143066666665,-0.3353567999999999,0.13042839533333325,0.02418677500000001,-0.07339586899999999,0.051929065333333295,0.0,0,0,1,0
0.6812846666666665,0.0421878866666667,1.1744383333333338E-4,1.8696433333333333,0.0016408959999999995,0.06273789999999994,1.969,0.848028,15.678723333333334,-4.712474499999999,6.006510000000001,-3.581625933333332,0.7041579333333332,-3.3278947333333324,2.870014263333334,-1.7053266866666656,2.21362205,-1.875453106666667,2.071025533333333,0.13900431333333305,-0.9884703333333332,0.6293599999999998,0.07378883999999995,0.039801838999999985,-0.3011499933333333,0.1422926029999999,0.03216194866666666,-0.09624915333333336,0.02455108999999998,0.0,0,0,1,0
0.6766103333333335,0.04450537333333331,1.2610048000000004E-4,1.8029766666666667,0.0013928703333333336,0.053097033333333335,2.0303333333333335,0.8744197333333329,15.33822000000001,-3.9634551333333334,5.435137666666667,-2.8100962000000007,1.4376515999999993,-2.667453733333335,2.0964552000000007,-1.2770380166666662,2.6758459333333335,-1.3597207966666667,1.9881496366666669,-0.8818444,-0.9880353333333329,0.6126970000000004,0.05818551463333333,0.06425742599999994,-0.26459212666666665,0.1228746956666667,0.03474110626666665,-0.08348379708666664,0.020289159666666674,0.0,0,0,1,0
0.9975599999999994,0.07372803333333325,3.193251333333336E-4,1.9140933333333332,0.002179256666666669,0.08341786666666659,2.9483333333333333,1.2697850000000002,12.770509999999996,-6.6320013333333305,6.022399999999991,-3.6342377666666676,0.5981126666666653,-3.3837697533333317,2.19012621,-1.4401008166666667,3.202672833333335,-2.1750777030000013,1.9978976999999998,-1.0886313499999998,-0.9796613333333329,0.7193903333333332,-0.050389947666666664,0.009720596666666664,-0.38577139999999993,0.17117605366666658,8.518570000000005E-4,-0.1341801833333335,0.02454112766666668,0.0,0,0,1,0
1.0885569999999996,0.07371046666666671,5.779779666666666E-4,1.8459733333333335,0.003231566666666668,0.12495340000000006,3.0196666666666667,1.3004929999999997,15.701876666666662,-9.123636666666668,7.399903333333335,-7.017273333333333,2.9048885666666666,-5.361791099999997,3.6167042999999968,-3.5245369900000014,3.7099032333333297,-5.292746666666668,4.15524166666667,-1.8307330199999998,-0.9784709999999993,0.6979380000000006,-0.011640953899999999,0.04491610666666665,-0.3330205433333333,0.16196231133333336,0.001595256666666665,-0.05054379140000001,0.04083303833333334,0.0,0,0,1,0
1.1729866666666666,0.0779469,0.0010660209999999997,1.8764133333333335,0.004261286666666664,0.16457223333333335,3.04,1.3092613333333332,13.344056666666667,-9.4507,5.530943606666672,-6.7662830000000005,-0.272580946666667,-5.164188000000001,3.319221833666666,-2.205627133333335,3.3631723129999997,-4.749709366666671,1.9729991133333336,-1.2486926033333328,-0.9788113333333329,0.7668486666666663,-0.03632911333333336,-0.009138798733333328,-0.3387300976666667,0.16731144370000003,0.036598030666666635,-0.077267193,0.06476342233333342,0.0,0,0,1,0
0.8727683333333346,0.05577086666666671,4.6129053333333355E-4,1.9368366666666665,0.0029803866666666652,0.11527260000000007,2.2866666666666666,0.984843666666666,15.889050000000013,-7.896743666666663,5.182468733333333,-4.9833469333333325,0.1383773033333335,-4.428580333333335,1.8199375299999994,-3.080282756666667,2.5082655733333326,-3.752722399999999,2.3321332333333347,-0.4203300333333334,-0.9860483333333335,0.7384366666666667,0.039316277,-0.01963232166666665,-0.2678658399999999,0.06781333999999994,0.0361925618,-0.06974119000000005,0.05654020000000001,0.0,0,0,1,0
0.8191173333333335,0.05470170000000002,4.352237666666668E-4,1.8816766666666667,0.0029826999999999983,0.11568780000000004,2.211333333333333,0.9523976666666663,17.610833333333336,-7.399136666666666,6.186980000000001,-4.013373633333331,0.11654620333333333,-4.599498933333331,1.688437966666667,-3.2222942333333346,2.248951556666667,-3.6131506,2.0025198333333316,-1.2098086066666662,-0.9876196666666663,0.7360166666666662,0.06577743099999997,-0.013017029666666652,-0.2638465900000001,0.05871210770000001,0.018270711333333325,-0.09127517033333336,0.03644053906666669,0.0,0,0,1,0
0.7446723333333335,0.04677066666666673,2.5196199999999983E-4,1.8538566666666665,0.0024319566666666675,0.09275450000000006,1.9456666666666667,0.8379759999999996,18.528826666666653,-6.970806333333333,4.942956666666669,-3.5645041000000015,1.3957361219999997,-3.5461218433333337,1.5440819463333333,-2.4767702000000003,2.0128285899999994,-3.0664432333333322,1.4312740666666672,-0.7935835766666661,-0.9895003333333343,0.7250380000000001,0.12020190566666668,0.014365430666666668,-0.20651693433333326,0.05575835933333336,0.030995592333333318,-0.05372860140000001,0.03951624066666666,0.0,0,0,1,0
0.7596086666666673,0.04632963333333335,1.6517259999999988E-4,1.9114433333333334,0.0017892040000000006,0.06807363333333334,2.2056666666666667,0.9499463333333332,15.766683333333331,-4.529250900000004,5.633195050666662,-3.3645117866666685,-0.0770712000000002,-2.749117000000002,1.2848797666666647,-1.430223596666666,2.1878817333333336,-1.3773202666666673,2.4237017233333327,-0.4139422066666673,-0.986862333333333,0.6808910000000005,0.02763414266666671,-0.012959192000000012,-0.2691857866666666,0.09534676866666669,0.046431205333333364,-0.05886011,0.06047066999999996,0.0,0,0,1,0
1.1404636666666668,0.08336703333333319,3.226629666666665E-4,1.9278333333333333,0.0024514866666666664,0.09525493333333328,3.074333333333333,1.3240359999999998,12.775820000000007,-6.7430566666666625,5.961948333333334,-3.738925566666666,-0.29662076666666665,-3.9439632333333345,1.3065181666666672,-1.7455357666666658,2.7952508,-0.9907088833333328,2.0101924666666644,-1.23846229,-0.9780153333333341,0.7521613333333332,-0.04054362333333334,-0.036557751799999996,-0.37313266666666667,0.17673225599999995,-0.002449187999999997,-0.0959177433333334,0.03578478133333335,0.0,0,0,1,0
1.0753760000000006,0.07776359999999993,7.068483333333332E-4,1.9091533333333335,0.0035720833333333334,0.13802473333333334,3.121,1.3441366666666668,12.41059,-5.835593666666666,5.686545999999995,-3.188116133333332,-0.012753120000000048,-2.7610004000000017,1.3753146166666652,-1.7478210666666663,1.9966015100000007,-0.7736054566666668,1.6305451433333322,-1.3648665966666675,-0.9783529999999993,0.7289519999999994,-0.040079135000000016,-0.011202452333333331,-0.3486929666666667,0.14836770230000004,-0.004330222333333333,-0.09490570043333331,0.029269731333333347,0.0,0,0,1,0
1.2378759999999989,0.0874923,0.0013616596666666668,1.90611,0.004243043333333333,0.16529909999999998,3.3946666666666667,1.4619866666666668,11.228016666666683,-6.786201000000005,5.709808333333334,-3.2469751333333328,1.1792626346666661,-2.1238124000000003,1.9592132099999984,-1.1358783466666666,2.908629766666669,-1.8741305799999994,0.30620448333333283,-3.4753742290000007,-0.9738253333333328,0.7383633333333334,-0.05622951699999993,0.018534364,-0.36282266666666685,0.18292240466666665,0.006022597833333334,-0.08642831666666671,0.04330546086666669,0.0,0,0,1,0
1.3021756666666664,0.09246999999999993,0.0013640436666666662,1.8823233333333333,0.004891463333333334,0.19378093333333363,3.481666666666667,1.4994653333333334,11.586666666666659,-7.898919999999993,6.376379333333333,-4.540759999999999,0.6151930433333331,-4.148748966666665,2.767724018000002,-2.3928503666666656,3.553529666666666,-2.7370867333333346,1.5628815733333337,-3.112351266666665,-0.9730429999999995,0.7414826666666668,-0.048596115000000016,0.019837861666666675,-0.3762740000000001,0.18933311496666666,0.004177479999999995,-0.11892182000000003,0.03298026966666668,0.0,0,0,1,0
1.249933333333334,0.08650243333333327,0.0025748200000000002,1.8546133333333332,0.005431896666666666,0.2114296666666668,3.3773333333333335,1.454539,11.535986666666657,-6.692971800000004,6.114059666666665,-3.3231370999999985,1.612806036666666,-2.900821299999999,3.613095099999999,-0.9672301600000007,3.856947,-3.3552021666666656,-0.25164284699999995,-3.6387156666666653,-0.9743586666666672,0.7315496666666664,-0.03168226499999997,0.03669602466666666,-0.3819202333333334,0.21119965433333363,-0.023206679000000008,-0.10535819500000003,0.023355878666666684,0.0,0,0,1,0
0.9793106666666667,0.06622666666666674,5.932942333333331E-4,1.8813266666666666,0.0031910433333333325,0.12374740000000001,2.6390000000000002,1.1365946666666675,14.617593333333334,-6.884247633333333,5.061606766666666,-3.751024733333333,1.1403199806666668,-3.9144519333333316,1.3153911033333343,-1.8492124999999988,2.143604410000001,-2.915496599999999,0.2376267479999999,-2.1987832666666662,-0.9826716666666662,0.7200783333333337,0.04745948133333333,0.02304147633333334,-0.32366293333333335,0.1803120920000001,0.008410900000000006,-0.08554425100000004,0.0072008983666666665,0.0,0,0,1,0
0.7848253333333334,0.04864716666666668,1.544344000000001E-4,1.87998,0.0019297006666666654,0.07255803333333334,2.021,0.8704263333333332,16.76949999999999,-7.1596920000000015,4.767606333333334,-4.400784066666665,0.47118825000000003,-4.668641499999998,1.2747997266666669,-2.715123566666668,1.7812220999999984,-3.9088396666666685,1.7666366000000002,-0.7056178999999998,-0.9882976666666667,0.718656,0.09291378999999998,0.0044887976666666786,-0.2175692366666668,0.048695355333333315,0.04265541866666666,-0.055269764333333374,0.04409991261666665,0.0,0,0,1,0
1.2880776666666671,0.08630283333333338,3.810171E-4,1.9294033333333334,0.00264901333333333,0.10346743333333339,3.2696666666666667,1.408154,12.99639999999999,-7.948530999999995,4.66419302,-4.431885333333334,-0.5834036800000001,-4.30199133333333,1.1214944333333337,-1.9483634666666667,3.1745934999999985,-2.5250036733333334,0.6976006299999999,-1.6476974800000002,-0.97449,0.755713,0.0035856129999999988,-0.005193672666666652,-0.35234324733333305,0.17138077333333326,0.0074161303333333305,-0.09141901999999999,0.051696622333333365,0.0,0,0,1,0
1.1619813333333338,0.08427977333333332,3.3905096666666655E-4,1.86903,0.0022555000000000006,0.08679843333333338,3.222,1.3876219999999997,13.454293333333338,-8.656010000000002,6.407190966666661,-5.656272333333334,1.3752250966666668,-4.555384,4.101098499999996,-2.845112300000002,5.085000966666668,-3.3029822666666644,2.702059769999999,-3.3046570833333337,-0.9754810000000004,0.7267763333333327,-0.04890814666666666,0.05268334863333333,-0.3674812333333335,0.1455544766666666,-0.010124024666666665,-0.15047357366666667,0.03529630966666668,0.0,0,0,1,0
1.2567153333333332,0.0909700333333334,2.8349300000000006E-4,1.9021466666666667,0.0022240199999999997,0.0877203666666667,3.5776666666666666,1.5407873333333335,11.99116,-6.138534633333335,5.474521000000003,-4.709227200000003,0.4674290133333329,-4.208299199999996,2.2613978633333316,-2.995783033333334,3.2266775666666656,-3.6243448333333337,1.1704728,-2.34710005,-0.971915333333333,0.6748603333333336,-0.048812515033333365,0.08790130366666667,-0.4098850000000005,0.2150125163333334,-0.024864824199999986,-0.144275109,0.01953233066666668,0.0,0,0,1,0
1.2352133333333333,0.09020423333333333,2.963916666666668E-4,1.9349033333333334,0.0020455533333333348,0.07945123333333334,3.4723333333333337,1.4954346666666658,12.677410000000013,-7.317579999999998,4.706050833333333,-4.093793933333333,1.2344808666666667,-2.95383635,2.0636829833333334,-1.9284500266666675,3.6527613333333346,-1.8724690490000004,1.9614852333333332,-1.4482072700000002,-0.973502333333333,0.729011666666667,-0.05006313833333332,0.009343127333333343,-0.3967727333333333,0.22231410833333337,-0.004754450000000021,-0.14013266299999994,0.052239790766666676,0.0,0,0,1,0
1.3462930000000009,0.10032109999999997,7.636389999999997E-5,1.8209866666666668,0.001253878000000001,0.04790103333333335,3.97,1.7097573333333336,12.11272666666666,-6.740083666666672,7.0248353333333355,-5.489719466666664,5.5316733333333366,-1.7059208700000015,6.08796066666667,-3.1625730666666687,2.5321537000000003,-5.657440000000003,3.1120378333333343,-1.019937766666667,-0.9644586666666672,0.6559940000000002,-0.06993478093333327,0.07167938166666671,-0.4415833333333332,0.29398595333333327,-0.02912992966666665,-0.14569786899999995,0.00305247,0.0,0,0,1,0
0.9985226666666669,0.07290501999999996,1.1593879999999983E-4,1.8704466666666668,0.0015478833333333337,0.05856583333333331,3.075,1.3243266666666669,14.52705333333333,-7.530646666666663,6.812861666666671,-4.218988866666666,5.033701466666667,-2.8608892800000003,3.9007809333333343,-2.4167446333333307,2.9862611666666674,-3.7651217,2.4749840333333344,-1.5933806433333328,-0.9768380000000011,0.679598333333333,-0.02655564866666666,0.009401556666666675,-0.37987723333333306,0.22664088666666676,0.017655223666666667,-0.10091056000000002,0.026451411666666667,0.0,0,0,1,0
0.893539666666667,0.05932647333333326,3.2995576666666694E-4,1.9391933333333333,0.00242146,0.09271639999999998,2.5566666666666666,1.101127333333333,14.775866666666667,-5.734685666666668,5.008951100000002,-3.5953520666666647,-0.7102301,-3.286633933333332,1.8140692533333345,-1.0043055666666665,3.1299150033333323,-1.2124238499999989,1.6551303000000004,-1.3983523873333337,-0.984617666666667,0.7284543333333336,0.023523498666666663,-0.007240632499999997,-0.3133086666666667,0.09931972666666665,0.03082362373,-0.10748548333333334,0.03911379733333335,0.0,0,0,1,0
0.7586049999999999,0.05016973333333338,3.286320666666666E-4,1.90429,0.0023866433333333335,0.0907767333333333,2.2033333333333336,0.9489449999999993,14.883456666666664,-6.0357916666666656,4.6427850000000035,-3.6238546333333344,0.3322106333333332,-3.4388906999999986,1.3431136333333331,-2.0294388100000007,2.6292824333333344,-1.0597282999999997,1.5083162699999992,-1.1290854633333325,-0.9870329999999999,0.6975870000000002,0.06789239733333328,0.014429138799999993,-0.2660637933333334,0.07734328333333339,0.03782936833333332,-0.09089353333333336,0.03455181233333332,0.0,0,0,1,0
0.8872516666666662,0.06116343333333328,4.371768666666668E-4,1.9398266666666666,0.002499108666666665,0.09474493333333335,2.4963333333333333,1.0751333333333328,14.456853333333322,-6.900158999999996,5.3337016666666655,-3.831366466666666,-0.07652969566666659,-3.9862818666666664,2.735918233333334,-0.8559850103333329,4.018174,-1.593293466666667,1.9352195366666671,-1.2761104333333337,-0.984148333333333,0.723299333333333,0.02596818300000001,-0.001246686533333331,-0.31367696666666645,0.09320379466666665,0.01896745666666667,-0.11478656366666672,0.03847475566666669,0.0,0,0,1,0
0.8640816666666671,0.053909066666666686,2.0421603333333323E-4,1.9074433333333334,0.0021021826666666682,0.08055336666666663,2.4093333333333335,1.0376893333333328,15.138073333333331,-6.6939743333333315,5.575733900000002,-4.537454133333332,-0.37621680666666674,-3.9842173666666683,2.0837382099999986,-2.1397596799999965,3.509379650000001,-1.4945891833333336,2.2294312666666656,-0.5142355366666655,-0.9853653333333333,0.7183110000000004,0.020820512233333324,-0.014049274999999991,-0.33313676666666675,0.12156528000000008,0.03435961566666665,-0.11166388133333335,0.05317765266666665,0.0,0,0,1,0
0.9044423333333336,0.06009463333333343,1.3947543333333334E-4,1.9255966666666666,0.0015321430000000004,0.05921010000000002,2.474333333333333,1.065647666666666,15.300903333333332,-6.145306666666662,5.6061580000000015,-3.7363615000000006,-0.24581689666666653,-3.441219871666668,1.391047666666666,-2.8151084666666675,2.4644784999999994,-2.5559355333333325,1.9446221666666672,-0.2182416866666666,-0.9841799999999993,0.7130870000000001,0.02067855666666666,-0.006817445333333331,-0.3267720000000002,0.11138075933333337,0.04463531333333335,-0.1306233799999999,0.05336523876666666,0.0,0,0,1,0
0.8883206666666672,0.06743684000000001,7.917506633333333E-5,1.8904400000000001,8.227380000000006E-4,0.031731586666666665,2.811,1.2106503333333332,12.418163333333329,-4.566849999999998,5.871267666666666,-2.0370425999999995,-0.30645516666666683,-3.2052759666666684,1.4611186000000003,-1.0799344163333324,4.067947933333332,-0.9339104333333338,2.2240839506666683,-0.1328430903333336,-0.98098,0.6856176666666666,-0.02114017333333333,0.02793134899999999,-0.37102980000000013,0.14069806799999998,0.00409724566666666,-0.17587494333333326,0.027472985000000005,0.0,0,0,1,0
0.8407323333333337,0.06323096666666674,5.8576500000000024E-5,1.9710566666666667,8.873680000000002E-4,0.033860299999999954,2.71,1.1671613333333328,14.913100000000004,-4.5172436666666655,6.023679999999996,-2.141356552333333,0.21755463333333377,-1.3089792966666667,1.2517327333333341,-1.2900795033333332,3.3411336666666664,-2.020332833333334,1.133065700000001,0.03756749999999974,-0.9824056666666665,0.7237029999999997,-0.07063786866666662,-0.07985534833333333,-0.3813679333333336,0.10198501000000004,0.03643033966666667,-0.13560389066666667,0.07819069956666667,0.0,0,0,1,0
5.017849324324325,0.22717140540540542,2.6191439828378376E-5,1.7848129054054054,4.3222724371621646E-4,0.016019514527027042,9.93581081081081,4.2788108108108105,8.25736486486486,-0.7086986486486492,3.4772905405405408,-0.08392777027026929,-0.1697458108108108,-1.8611851351351358,2.0272450283783794,-0.44448024999999985,3.118957770270272,-0.721788114864865,0.5838878378378378,-0.17287941891891886,-0.607962837837838,0.6343324324324324,0.06213884391891892,0.025502273648648648,-0.15417966216216222,0.05418145675675677,-0.00965124324324324,-0.11099821621621621,0.013576927027027022,0.0,0,0,1,0
